fips,county_name,pcp_rate_per_100k,pcp_ratio,mental_health_provider_rate_per_100k,mental_health_provider_ratio,dentist_rate_per_100k,dentist_ratio,uninsured_pct,preventable_hospitalization_rate,child_poverty_pct,life_expectancy_years,median_household_income,rural_pct,population,hpsa_active_count,hpsa_max_score,hpsa_underserved_population,heart_disease_pct,asthma_pct,depression_pct,diabetes_pct,fair_or_poor_health_pct,frequent_mental_distress_pct,high_blood_pressure_pct,no_physical_activity_pct,obesity_pct,annual_checkup_pct,heart_disease_pct_source_type,asthma_pct_source_type,depression_pct_source_type,diabetes_pct_source_type,fair_or_poor_health_pct_source_type,frequent_mental_distress_pct_source_type,high_blood_pressure_pct_source_type,no_physical_activity_pct_source_type,obesity_pct_source_type,annual_checkup_pct_source_type
48001,Anderson,37.669940000000004,2655:1,62.352779999999996,1604:1,46.50041,2151:1,17.659562566,3528.0,24.6,72.02778967,56548,67.861952281,57736,2,11.0,1490.0,6.4,9.9,22.1,13.0,24.6,18.8,37.0,30.1,39.5,71.9,AgeAdjPrv,AgeAdjPrv,AgeAdjPrv,AgeAdjPrv,AgeAdjPrv,AgeAdjPrv,AgeAdjPrv,AgeAdjPrv,AgeAdjPrv,AgeAdjPrv
48003,Andrews,48.806940000000004,2049:1,16.07372,6221:1,21.81739,4584:1,22.871268998,3684.0,13.2,74.567687888,80936,18.318108544,18664,2,16.0,4299.0,5.9,9.5,21.8,12.9,25.6,17.9,32.6,31.5,36.6,71.3,AgeAdjPrv,AgeAdjPrv,AgeAdjPrv,AgeAdjPrv,AgeAdjPrv,AgeAdjPrv,AgeAdjPrv,AgeAdjPrv,AgeAdjPrv,AgeAdjPrv
48005,Angelina,65.89138,1518:1,164.91255999999998,606:1,58.55271,1708:1,19.635295627,3332.0,24.9,72.625754877,57298,51.905781585,87319,1,16.0,21964.0,6.6,11.1,24.9,13.0,27.5,20.6,37.9,32.5,41.0,73.3,AgeAdjPrv,AgeAdjPrv,AgeAdjPrv,AgeAdjPrv,AgeAdjPrv,AgeAdjPrv,AgeAdjPrv,AgeAdjPrv,AgeAdjPrv,AgeAdjPrv
48007,Aransas,32.63974,3064:1,94.58501,1057:1,28.062859999999997,3563:1,20.601707855,1640.0,27.9,73.277614823,60112,23.57532522,25374,1,14.0,15141.0,5.8,10.0,24.3,11.4,22.0,18.3,33.5,27.6,36.4,72.4,AgeAdjPrv,AgeAdjPrv,AgeAdjPrv,AgeAdjPrv,AgeAdjPrv,AgeAdjPrv,AgeAdjPrv,AgeAdjPrv,AgeAdjPrv,AgeAdjPrv
48009,Archer,,,11.075420000000001,9029:1,,,16.743251005,2705.0,12.6,77.68035339,71672,87.359813084,9029,1,15.0,8663.0,5.5,10.3,25.3,9.9,19.1,19.0,31.7,24.7,34.7,72.3,AgeAdjPrv,AgeAdjPrv,AgeAdjPrv,AgeAdjPrv,AgeAdjPrv,AgeAdjPrv,AgeAdjPrv,AgeAdjPrv,AgeAdjPrv,AgeAdjPrv
48011,Armstrong,0.0,1839:0,,,0.0,1850:0,11.554621849,1964.0,15.3,69.665646211,68555,100.0,1832,1,11.0,1829.0,5.1,10.1,24.8,9.4,17.2,18.4,30.4,22.8,33.3,72.6,AgeAdjPrv,AgeAdjPrv,AgeAdjPrv,AgeAdjPrv,AgeAdjPrv,AgeAdjPrv,AgeAdjPrv,AgeAdjPrv,AgeAdjPrv,AgeAdjPrv
48013,Atascosa,20.02443,4994:1,65.65735,1523:1,47.18465,2119:1,20.205056507,2184.0,22.6,73.957045693,58330,71.452195749,51784,2,18.0,19892.0,5.9,9.2,21.0,14.0,26.2,17.6,34.6,34.5,42.2,71.8,AgeAdjPrv,AgeAdjPrv,AgeAdjPrv,AgeAdjPrv,AgeAdjPrv,AgeAdjPrv,AgeAdjPrv,AgeAdjPrv,AgeAdjPrv,AgeAdjPrv
48015,Austin,19.74984,5063:1,44.1961,2263:1,45.02042,2221:1,19.082433154,2635.0,18.0,76.476312991,73248,78.834488017,31677,1,16.0,9742.0,5.8,10.1,23.2,11.8,22.4,18.4,33.4,28.6,37.5,72.1,AgeAdjPrv,AgeAdjPrv,AgeAdjPrv,AgeAdjPrv,AgeAdjPrv,AgeAdjPrv,AgeAdjPrv,AgeAdjPrv,AgeAdjPrv,AgeAdjPrv
48017,Bailey,29.26116,3418:1,44.96403,2224:1,44.25431,2260:1,26.584317938,3549.0,23.4,74.496679764,51193,25.275202781,6672,1,13.0,4198.0,6.3,9.5,21.6,14.3,28.5,18.2,33.4,36.0,39.5,71.0,AgeAdjPrv,AgeAdjPrv,AgeAdjPrv,AgeAdjPrv,AgeAdjPrv,AgeAdjPrv,AgeAdjPrv,AgeAdjPrv,AgeAdjPrv,AgeAdjPrv
48019,Bandera,32.46,3081:1,194.37205,514:1,27.13091,3686:1,19.454603786,1426.0,18.6,76.861617201,66649,100.0,22637,1,17.0,6266.0,5.7,10.2,24.9,10.8,20.0,18.4,31.9,26.8,35.4,72.6,AgeAdjPrv,AgeAdjPrv,AgeAdjPrv,AgeAdjPrv,AgeAdjPrv,AgeAdjPrv,AgeAdjPrv,AgeAdjPrv,AgeAdjPrv,AgeAdjPrv
48021,Bastrop,23.51604,4252:1,74.92462,1335:1,35.78559,2794:1,20.762459991,2895.0,16.2,76.747985087,77345,72.004608295,110778,2,18.0,46811.0,5.7,9.5,22.2,12.0,23.2,17.6,33.1,30.8,40.1,71.7,AgeAdjPrv,AgeAdjPrv,AgeAdjPrv,AgeAdjPrv,AgeAdjPrv,AgeAdjPrv,AgeAdjPrv,AgeAdjPrv,AgeAdjPrv,AgeAdjPrv
48023,Baylor,230.08341,435:1,,,28.8517,3466:1,16.56649136,4938.0,22.5,70.081485494,49566,100.0,3463,1,16.0,1185.0,6.3,10.6,25.7,11.6,23.1,19.8,34.2,28.6,36.5,71.8,AgeAdjPrv,AgeAdjPrv,AgeAdjPrv,AgeAdjPrv,AgeAdjPrv,AgeAdjPrv,AgeAdjPrv,AgeAdjPrv,AgeAdjPrv,AgeAdjPrv
48025,Bee,16.16867,6185:1,51.863859999999995,1928:1,29.611109999999996,3377:1,16.011089026,3334.0,28.2,73.060614952,54072,54.166264051,30850,1,16.0,5927.0,6.3,8.7,19.3,14.6,27.1,17.2,35.6,33.5,39.5,70.9,AgeAdjPrv,AgeAdjPrv,AgeAdjPrv,AgeAdjPrv,AgeAdjPrv,AgeAdjPrv,AgeAdjPrv,AgeAdjPrv,AgeAdjPrv,AgeAdjPrv
48027,Bell,72.17801,1385:1,278.99784999999997,358:1,83.93711,1191:1,16.420400167,2945.0,15.7,75.514008341,69562,13.69065445,393193,1,17.0,102005.0,5.6,10.7,24.4,13.0,22.5,18.6,34.1,29.8,43.5,76.1,AgeAdjPrv,AgeAdjPrv,AgeAdjPrv,AgeAdjPrv,AgeAdjPrv,AgeAdjPrv,AgeAdjPrv,AgeAdjPrv,AgeAdjPrv,AgeAdjPrv
48029,Bexar,73.56146,1359:1,247.64344000000003,404:1,95.07023,1052:1,17.96452341,2435.0,19.1,76.146428629,69755,4.7076529221,2087679,9,21.0,9833883.0,5.4,9.0,22.0,13.8,22.8,16.7,33.5,30.7,34.2,72.0,AgeAdjPrv,AgeAdjPrv,AgeAdjPrv,AgeAdjPrv,AgeAdjPrv,AgeAdjPrv,AgeAdjPrv,AgeAdjPrv,AgeAdjPrv,AgeAdjPrv
48031,Blanco,42.0663,2377:1,38.32005,2610:1,32.21131,3105:1,18.205804749,1714.0,13.4,78.036819951,91031,100.0,13048,1,11.0,4872.0,4.9,9.6,23.3,9.2,16.7,17.0,29.5,22.0,34.3,72.6,AgeAdjPrv,AgeAdjPrv,AgeAdjPrv,AgeAdjPrv,AgeAdjPrv,AgeAdjPrv,AgeAdjPrv,AgeAdjPrv,AgeAdjPrv,AgeAdjPrv
48033,Borden,0.0,617:0,0.0,572:0,0.0,585:0,13.215859031,,17.9,,80738,100.0,572,1,7.0,723.0,5.1,9.9,24.4,9.3,17.3,17.8,30.1,22.5,33.0,72.5,AgeAdjPrv,AgeAdjPrv,AgeAdjPrv,AgeAdjPrv,AgeAdjPrv,AgeAdjPrv,AgeAdjPrv,AgeAdjPrv,AgeAdjPrv,AgeAdjPrv
48035,Bosque,54.045289999999994,1850:1,47.3784,2111:1,37.43916,2671:1,20.332783476,3353.0,19.4,73.587368438,66325,100.0,18996,1,13.0,2222.0,5.6,10.2,24.8,10.5,20.4,18.9,31.6,26.0,36.1,72.5,AgeAdjPrv,AgeAdjPrv,AgeAdjPrv,AgeAdjPrv,AgeAdjPrv,AgeAdjPrv,AgeAdjPrv,AgeAdjPrv,AgeAdjPrv,AgeAdjPrv
48037,Bowie,72.36906,1382:1,137.42406,728:1,61.93296,1615:1,16.304225034,3125.0,19.5,72.298010833,55343,37.943655604,91687,2,18.0,20419.0,5.9,10.9,24.2,12.1,22.4,19.6,35.5,28.2,36.9,73.2,AgeAdjPrv,AgeAdjPrv,AgeAdjPrv,AgeAdjPrv,AgeAdjPrv,AgeAdjPrv,AgeAdjPrv,AgeAdjPrv,AgeAdjPrv,AgeAdjPrv
48039,Brazoria,65.31661,1531:1,117.31146000000001,852:1,58.993100000000005,1695:1,14.931566442,3698.0,12.1,76.934304831,93071,22.595428876,398938,2,21.0,2188876.0,4.9,9.3,19.9,11.3,19.5,16.3,33.5,25.4,35.8,75.4,AgeAdjPrv,AgeAdjPrv,AgeAdjPrv,AgeAdjPrv,AgeAdjPrv,AgeAdjPrv,AgeAdjPrv,AgeAdjPrv,AgeAdjPrv,AgeAdjPrv
48041,Brazos,83.11113999999999,1203:1,149.97773,667:1,57.434689999999996,1741:1,15.685247169,2597.0,18.9,78.954963527,55724,11.850382084,244703,3,21.0,70466.0,5.9,9.8,23.0,12.5,21.9,17.9,33.9,26.9,32.8,74.2,AgeAdjPrv,AgeAdjPrv,AgeAdjPrv,AgeAdjPrv,AgeAdjPrv,AgeAdjPrv,AgeAdjPrv,AgeAdjPrv,AgeAdjPrv,AgeAdjPrv
48043,Brewster,126.98413,788:1,178.70283,560:1,32.1096,3114:1,22.676806084,1433.0,19.8,79.70437538,57871,34.181856275,9513,2,18.0,116806.0,4.9,9.0,21.1,10.5,18.1,15.6,29.9,23.8,33.6,72.9,AgeAdjPrv,AgeAdjPrv,AgeAdjPrv,AgeAdjPrv,AgeAdjPrv,AgeAdjPrv,AgeAdjPrv,AgeAdjPrv,AgeAdjPrv,AgeAdjPrv
48045,Briscoe,71.27584,1403:1,,,0.0,1431:0,21.467391304,2781.0,21.7,,57983,100.0,1445,1,14.0,520.0,6.7,10.4,24.6,13.3,26.5,19.9,35.1,31.9,39.8,71.8,AgeAdjPrv,AgeAdjPrv,AgeAdjPrv,AgeAdjPrv,AgeAdjPrv,AgeAdjPrv,AgeAdjPrv,AgeAdjPrv,AgeAdjPrv,AgeAdjPrv
48047,Brooks,,,29.20561,3424:1,14.48016,6906:1,17.907021236,3965.0,45.0,70.300468312,36695,36.44714528,6848,1,22.0,5361.0,7.1,8.9,19.7,18.2,35.6,18.1,36.1,42.0,43.2,70.7,AgeAdjPrv,AgeAdjPrv,AgeAdjPrv,AgeAdjPrv,AgeAdjPrv,AgeAdjPrv,AgeAdjPrv,AgeAdjPrv,AgeAdjPrv,AgeAdjPrv
48049,Brown,52.36699,1910:1,204.08689999999999,490:1,36.48399,2741:1,17.756817013,1880.0,21.5,72.323463835,57744,43.399396246,38709,1,12.0,3861.0,6.0,10.2,24.6,11.4,22.5,19.2,32.8,28.7,35.2,71.9,AgeAdjPrv,AgeAdjPrv,AgeAdjPrv,AgeAdjPrv,AgeAdjPrv,AgeAdjPrv,AgeAdjPrv,AgeAdjPrv,AgeAdjPrv,AgeAdjPrv
48051,Burleson,38.77902,2579:1,10.26958,9738:1,10.71984,9329:1,21.078934757,2963.0,21.1,74.562604203,63764,100.0,19475,1,15.0,15336.0,5.5,10.2,23.2,11.0,20.8,18.3,33.1,27.1,35.8,72.6,AgeAdjPrv,AgeAdjPrv,AgeAdjPrv,AgeAdjPrv,AgeAdjPrv,AgeAdjPrv,AgeAdjPrv,AgeAdjPrv,AgeAdjPrv,AgeAdjPrv
48053,Burnet,41.21364,2426:1,88.90371,1125:1,49.52192,2019:1,19.528782476,2083.0,14.0,76.870264225,77824,67.323427641,53991,0,,0.0,5.4,9.9,23.6,10.3,19.5,18.0,31.2,25.0,35.4,72.3,AgeAdjPrv,AgeAdjPrv,AgeAdjPrv,AgeAdjPrv,AgeAdjPrv,AgeAdjPrv,AgeAdjPrv,AgeAdjPrv,AgeAdjPrv,AgeAdjPrv
48055,Caldwell,25.64596,3899:1,82.23189,1216:1,31.349269999999997,3190:1,22.754862205,3158.0,19.4,75.744684542,63395,54.593204455,49859,1,10.0,12633.0,5.9,9.4,21.6,13.5,26.1,17.9,33.1,33.0,42.4,71.9,AgeAdjPrv,AgeAdjPrv,AgeAdjPrv,AgeAdjPrv,AgeAdjPrv,AgeAdjPrv,AgeAdjPrv,AgeAdjPrv,AgeAdjPrv,AgeAdjPrv
48057,Calhoun,50.691950000000006,1973:1,25.38587,3939:1,50.74596999999999,1971:1,16.760383387,3530.0,21.9,75.551647855,68885,40.042773302,19696,1,14.0,2615.0,5.6,9.3,20.9,12.2,23.0,17.3,31.8,30.0,35.1,71.7,AgeAdjPrv,AgeAdjPrv,AgeAdjPrv,AgeAdjPrv,AgeAdjPrv,AgeAdjPrv,AgeAdjPrv,AgeAdjPrv,AgeAdjPrv,AgeAdjPrv
48059,Callahan,14.169319999999999,7058:1,6.95701,14374:1,28.14919,3553:1,17.8337667,3083.0,17.8,73.477854658,63378,100.0,14374,0,,0.0,5.6,10.3,25.3,10.2,19.4,19.2,32.0,24.8,36.0,72.7,AgeAdjPrv,AgeAdjPrv,AgeAdjPrv,AgeAdjPrv,AgeAdjPrv,AgeAdjPrv,AgeAdjPrv,AgeAdjPrv,AgeAdjPrv,AgeAdjPrv
48061,Cameron,49.16921,2034:1,97.25575,1028:1,31.98435,3127:1,25.217174644,3242.0,33.9,76.332932659,51716,17.581475332,426710,7,17.0,2472581.0,6.5,8.7,19.1,17.5,30.9,16.8,32.9,36.8,41.0,70.8,AgeAdjPrv,AgeAdjPrv,AgeAdjPrv,AgeAdjPrv,AgeAdjPrv,AgeAdjPrv,AgeAdjPrv,AgeAdjPrv,AgeAdjPrv,AgeAdjPrv
48063,Camp,71.33798,1402:1,69.23076999999999,1444:1,39.32054,2543:1,20.191462342,3514.0,26.4,70.654290599,53775,100.0,13000,1,16.0,3899.0,6.6,10.8,24.3,13.7,26.7,20.1,36.5,32.7,40.2,73.2,AgeAdjPrv,AgeAdjPrv,AgeAdjPrv,AgeAdjPrv,AgeAdjPrv,AgeAdjPrv,AgeAdjPrv,AgeAdjPrv,AgeAdjPrv,AgeAdjPrv
48065,Carson,,,51.03777,1959:1,17.28907,5784:1,15.151515152,2060.0,12.8,72.060320111,73716,100.0,5878,1,15.0,5728.0,5.1,10.0,24.5,9.3,17.1,18.2,30.3,22.6,33.8,72.4,AgeAdjPrv,AgeAdjPrv,AgeAdjPrv,AgeAdjPrv,AgeAdjPrv,AgeAdjPrv,AgeAdjPrv,AgeAdjPrv,AgeAdjPrv,AgeAdjPrv
48067,Cass,21.0084,4760:1,34.89305,2866:1,31.53579,3171:1,17.636595822,3363.0,23.3,70.729364955,52092,80.56160821,28659,1,14.0,15043.0,6.2,11.1,25.8,12.0,23.2,20.8,35.5,28.6,39.3,73.3,AgeAdjPrv,AgeAdjPrv,AgeAdjPrv,AgeAdjPrv,AgeAdjPrv,AgeAdjPrv,AgeAdjPrv,AgeAdjPrv,AgeAdjPrv,AgeAdjPrv
48069,Castro,27.12232,3687:1,13.837,7227:1,,,25.294712024,2878.0,21.7,75.390129892,55135,100.0,7227,1,13.0,3739.0,6.0,9.1,20.7,13.7,26.6,17.4,33.0,33.5,38.9,71.2,AgeAdjPrv,AgeAdjPrv,AgeAdjPrv,AgeAdjPrv,AgeAdjPrv,AgeAdjPrv,AgeAdjPrv,AgeAdjPrv,AgeAdjPrv,AgeAdjPrv
48071,Chambers,14.32518,6981:1,40.83451,2449:1,9.74887,10258:1,13.981978783,5407.0,10.3,76.16174031,103034,54.106632883,53876,3,17.0,25701.0,5.3,9.9,23.3,10.7,19.6,18.0,31.9,25.1,34.6,72.3,AgeAdjPrv,AgeAdjPrv,AgeAdjPrv,AgeAdjPrv,AgeAdjPrv,AgeAdjPrv,AgeAdjPrv,AgeAdjPrv,AgeAdjPrv,AgeAdjPrv
48073,Cherokee,50.88361,1965:1,111.07494,900:1,36.78962,2718:1,19.554535704,2617.0,27.7,73.13322437,57691,72.464889312,52217,1,15.0,13885.0,6.3,10.5,24.3,12.6,25.1,19.6,34.8,30.7,35.9,72.7,AgeAdjPrv,AgeAdjPrv,AgeAdjPrv,AgeAdjPrv,AgeAdjPrv,AgeAdjPrv,AgeAdjPrv,AgeAdjPrv,AgeAdjPrv,AgeAdjPrv
48075,Childress,148.45606,674:1,103.12316000000001,970:1,44.05933,2270:1,18.392095217,3310.0,23.7,73.6123817,53921,32.232893157,6788,1,15.0,0.0,5.9,9.6,22.2,12.0,23.5,18.4,34.0,29.8,37.3,71.3,AgeAdjPrv,AgeAdjPrv,AgeAdjPrv,AgeAdjPrv,AgeAdjPrv,AgeAdjPrv,AgeAdjPrv,AgeAdjPrv,AgeAdjPrv,AgeAdjPrv
48077,Clay,38.974959999999996,2566:1,27.938159999999996,3579:1,,,16.12056028,5530.0,17.1,75.681771171,73557,100.0,10738,1,14.0,10282.0,5.5,10.3,25.4,9.8,18.6,19.1,31.5,24.2,34.8,72.4,AgeAdjPrv,AgeAdjPrv,AgeAdjPrv,AgeAdjPrv,AgeAdjPrv,AgeAdjPrv,AgeAdjPrv,AgeAdjPrv,AgeAdjPrv,AgeAdjPrv
48079,Cochran,39.74563,2516:1,,,0.0,2526:0,23.48737494,1012.0,33.8,71.372280904,46409,100.0,2509,1,15.0,1565.0,7.8,10.2,23.3,17.1,34.7,20.3,37.3,41.0,42.8,71.1,AgeAdjPrv,AgeAdjPrv,AgeAdjPrv,AgeAdjPrv,AgeAdjPrv,AgeAdjPrv,AgeAdjPrv,AgeAdjPrv,AgeAdjPrv,AgeAdjPrv
48081,Coke,,,,,0.0,3333:0,18.185500203,3556.0,19.0,73.952515396,56786,100.0,3352,1,15.0,3176.0,6.2,10.3,25.1,11.8,23.1,19.6,33.3,29.1,37.0,71.8,AgeAdjPrv,AgeAdjPrv,AgeAdjPrv,AgeAdjPrv,AgeAdjPrv,AgeAdjPrv,AgeAdjPrv,AgeAdjPrv,AgeAdjPrv,AgeAdjPrv
48083,Coleman,51.712990000000005,1934:1,12.751850000000001,7842:1,25.477710000000002,3925:1,21.602067183,4543.0,26.9,70.525834534,48955,53.162415409,7842,1,16.0,1706.0,6.0,10.3,25.2,11.3,21.7,19.5,33.1,27.5,37.2,72.4,AgeAdjPrv,AgeAdjPrv,AgeAdjPrv,AgeAdjPrv,AgeAdjPrv,AgeAdjPrv,AgeAdjPrv,AgeAdjPrv,AgeAdjPrv,AgeAdjPrv
48085,Collin,97.34448,1027:1,182.62296,548:1,69.56094999999999,1438:1,10.62913457,2504.0,6.6,81.311847989,120149,6.1495680929,1195359,1,12.0,0.0,4.3,8.8,20.0,9.1,14.6,14.7,29.7,19.9,31.6,74.6,AgeAdjPrv,AgeAdjPrv,AgeAdjPrv,AgeAdjPrv,AgeAdjPrv,AgeAdjPrv,AgeAdjPrv,AgeAdjPrv,AgeAdjPrv,AgeAdjPrv
48087,Collingsworth,38.24092,2615:1,78.03355,1282:1,0.0,2568:0,25.981580223,3426.0,31.8,71.228804432,48858,100.0,2563,2,18.0,431.0,6.5,10.5,24.2,12.7,25.6,19.4,34.5,30.8,39.1,72.3,AgeAdjPrv,AgeAdjPrv,AgeAdjPrv,AgeAdjPrv,AgeAdjPrv,AgeAdjPrv,AgeAdjPrv,AgeAdjPrv,AgeAdjPrv,AgeAdjPrv
48089,Colorado,53.32041,1875:1,37.88417,2640:1,24.09174,4151:1,22.553056699,2802.0,22.2,73.954775073,61410,100.0,21117,1,16.0,0.0,5.5,9.9,22.4,11.6,21.8,18.1,33.0,28.1,36.7,72.5,AgeAdjPrv,AgeAdjPrv,AgeAdjPrv,AgeAdjPrv,AgeAdjPrv,AgeAdjPrv,AgeAdjPrv,AgeAdjPrv,AgeAdjPrv,AgeAdjPrv
48091,Comal,59.433330000000005,1683:1,186.66722000000001,536:1,64.99063,1539:1,13.318474591,2061.0,9.1,78.298978257,99871,46.61147609,193928,0,,0.0,4.7,9.4,21.1,9.2,16.1,15.7,29.7,20.8,34.5,74.7,AgeAdjPrv,AgeAdjPrv,AgeAdjPrv,AgeAdjPrv,AgeAdjPrv,AgeAdjPrv,AgeAdjPrv,AgeAdjPrv,AgeAdjPrv,AgeAdjPrv
48093,Comanche,58.076229999999995,1722:1,56.9395,1756:1,28.822599999999998,3470:1,21.870558135,3331.0,27.2,74.801670096,54726,100.0,14050,1,19.0,0.0,5.9,10.0,23.9,11.4,22.5,18.7,32.6,28.5,37.1,71.9,AgeAdjPrv,AgeAdjPrv,AgeAdjPrv,AgeAdjPrv,AgeAdjPrv,AgeAdjPrv,AgeAdjPrv,AgeAdjPrv,AgeAdjPrv,AgeAdjPrv
48095,Concho,29.931160000000002,3341:1,30.330599999999997,3297:1,29.94012,3340:1,16.507747318,1596.0,26.6,84.20009638,54909,100.0,3297,1,17.0,2466.0,6.3,9.1,20.3,12.7,25.0,17.7,35.2,31.0,37.7,70.6,AgeAdjPrv,AgeAdjPrv,AgeAdjPrv,AgeAdjPrv,AgeAdjPrv,AgeAdjPrv,AgeAdjPrv,AgeAdjPrv,AgeAdjPrv,AgeAdjPrv
48097,Cooke,26.0392,3840:1,68.52131,1459:1,41.81185,2392:1,18.387864891,3325.0,18.8,76.551578359,75003,60.295670539,43782,2,16.0,11339.0,5.7,10.2,24.6,10.8,20.8,18.8,32.5,26.5,36.2,72.3,AgeAdjPrv,AgeAdjPrv,AgeAdjPrv,AgeAdjPrv,AgeAdjPrv,AgeAdjPrv,AgeAdjPrv,AgeAdjPrv,AgeAdjPrv,AgeAdjPrv
48099,Coryell,17.80796,5615:1,74.22418,1347:1,32.9191,3038:1,14.694059139,2156.0,15.8,75.319004839,72724,19.528720831,84878,1,13.0,39107.0,5.5,10.4,23.5,11.5,21.1,18.9,32.9,27.8,38.0,74.2,AgeAdjPrv,AgeAdjPrv,AgeAdjPrv,AgeAdjPrv,AgeAdjPrv,AgeAdjPrv,AgeAdjPrv,AgeAdjPrv,AgeAdjPrv,AgeAdjPrv
48101,Cottle,0.0,1381:0,,,0.0,1307:0,16.701030928,,34.9,,52342,100.0,1294,0,,0.0,6.8,10.7,24.3,13.9,27.5,20.0,36.0,32.8,40.5,72.5,AgeAdjPrv,AgeAdjPrv,AgeAdjPrv,AgeAdjPrv,AgeAdjPrv,AgeAdjPrv,AgeAdjPrv,AgeAdjPrv,AgeAdjPrv,AgeAdjPrv
48103,Crane,42.73504,2340:1,,,21.99736,4546:1,23.204279165,3314.0,15.9,73.461360612,58133,100.0,4574,1,16.0,1451.0,6.1,9.1,20.4,14.5,28.3,17.8,33.4,35.9,40.0,71.0,AgeAdjPrv,AgeAdjPrv,AgeAdjPrv,AgeAdjPrv,AgeAdjPrv,AgeAdjPrv,AgeAdjPrv,AgeAdjPrv,AgeAdjPrv,AgeAdjPrv
48105,Crockett,65.18905,1534:1,,,33.97893,2943:1,26.697792869,3940.0,21.1,71.2015053,58833,100.0,2858,0,,0.0,5.9,9.4,21.2,13.4,27.2,18.0,32.1,33.8,37.6,70.4,AgeAdjPrv,AgeAdjPrv,AgeAdjPrv,AgeAdjPrv,AgeAdjPrv,AgeAdjPrv,AgeAdjPrv,AgeAdjPrv,AgeAdjPrv,AgeAdjPrv
48107,Crosby,39.1696,2553:1,40.67521,2459:1,,,22.007434944,3906.0,33.0,69.331829686,46106,100.0,4917,1,17.0,2867.0,6.6,9.8,22.4,14.6,29.0,19.0,34.9,35.7,41.0,71.6,AgeAdjPrv,AgeAdjPrv,AgeAdjPrv,AgeAdjPrv,AgeAdjPrv,AgeAdjPrv,AgeAdjPrv,AgeAdjPrv,AgeAdjPrv,AgeAdjPrv
48109,Culberson,45.59964,2193:1,45.53734,2196:1,0.0,2155:0,23.196183661,2688.0,33.6,73.091160158,54183,100.0,2196,1,17.0,662.0,6.7,9.3,21.0,16.2,32.0,18.6,35.4,38.9,40.8,70.6,AgeAdjPrv,AgeAdjPrv,AgeAdjPrv,AgeAdjPrv,AgeAdjPrv,AgeAdjPrv,AgeAdjPrv,AgeAdjPrv,AgeAdjPrv,AgeAdjPrv
48111,Dallam,83.65867,1195:1,41.45364,2412:1,27.620489999999997,3621:1,27.972138673,3323.0,15.7,70.39561311,61424,23.302881237,7237,1,13.0,3824.0,6.7,9.6,22.2,14.6,28.7,18.9,35.2,35.8,39.7,71.3,AgeAdjPrv,AgeAdjPrv,AgeAdjPrv,AgeAdjPrv,AgeAdjPrv,AgeAdjPrv,AgeAdjPrv,AgeAdjPrv,AgeAdjPrv,AgeAdjPrv
48113,Dallas,72.07904,1387:1,219.847,455:1,95.31536,1049:1,23.586787278,3042.0,19.5,76.722757077,74352,0.5782580631,2606358,12,21.0,10283754.0,5.4,9.7,19.1,12.5,22.6,16.9,33.5,30.8,35.7,75.5,AgeAdjPrv,AgeAdjPrv,AgeAdjPrv,AgeAdjPrv,AgeAdjPrv,AgeAdjPrv,AgeAdjPrv,AgeAdjPrv,AgeAdjPrv,AgeAdjPrv
48115,Dawson,40.28035,2483:1,8.33056,12004:1,49.46414,2022:1,22.108611679,2756.0,26.1,70.693303738,55057,29.905266538,12004,2,16.0,1436.0,6.9,9.4,21.1,15.3,30.4,18.6,36.1,36.8,40.0,70.5,AgeAdjPrv,AgeAdjPrv,AgeAdjPrv,AgeAdjPrv,AgeAdjPrv,AgeAdjPrv,AgeAdjPrv,AgeAdjPrv,AgeAdjPrv,AgeAdjPrv
48123,DeWitt,60.247009999999996,1660:1,30.10688,3322:1,30.34594,3295:1,18.847622353,3062.0,24.2,74.573584391,61067,51.397296207,19929,4,14.0,2442.0,6.2,9.8,22.5,13.1,25.3,18.7,34.5,31.3,37.5,72.0,AgeAdjPrv,AgeAdjPrv,AgeAdjPrv,AgeAdjPrv,AgeAdjPrv,AgeAdjPrv,AgeAdjPrv,AgeAdjPrv,AgeAdjPrv,AgeAdjPrv
48117,Deaf Smith,10.911669999999999,9165:1,10.90096,9174:1,38.09109,2625:1,22.726408518,2463.0,22.3,74.238050625,60118,16.482806866,18347,2,15.0,5620.0,6.8,9.4,20.9,16.0,32.3,18.5,35.0,39.9,41.3,71.0,AgeAdjPrv,AgeAdjPrv,AgeAdjPrv,AgeAdjPrv,AgeAdjPrv,AgeAdjPrv,AgeAdjPrv,AgeAdjPrv,AgeAdjPrv,AgeAdjPrv
48119,Delta,,,54.34783,1840:1,,,13.662858475,4949.0,22.5,72.019866069,56945,100.0,5520,1,11.0,1795.0,5.8,10.7,25.7,10.9,21.1,19.9,33.2,26.7,37.0,72.5,AgeAdjPrv,AgeAdjPrv,AgeAdjPrv,AgeAdjPrv,AgeAdjPrv,AgeAdjPrv,AgeAdjPrv,AgeAdjPrv,AgeAdjPrv,AgeAdjPrv
48121,Denton,53.62944,1865:1,180.70801,553:1,62.418079999999996,1602:1,11.549399695,2890.0,5.9,80.743534638,107401,7.2037086478,1007703,1,21.0,0.0,4.4,9.3,20.7,9.6,15.6,15.8,29.3,21.2,33.2,74.1,AgeAdjPrv,AgeAdjPrv,AgeAdjPrv,AgeAdjPrv,AgeAdjPrv,AgeAdjPrv,AgeAdjPrv,AgeAdjPrv,AgeAdjPrv,AgeAdjPrv
48125,Dickens,57.47126,1740:1,58.445350000000005,1711:1,0.0,1726:0,18.905872888,,28.3,73.268905963,47356,100.0,1711,2,13.0,1579.0,6.1,10.0,23.7,12.2,23.9,19.0,33.6,29.8,38.1,71.8,AgeAdjPrv,AgeAdjPrv,AgeAdjPrv,AgeAdjPrv,AgeAdjPrv,AgeAdjPrv,AgeAdjPrv,AgeAdjPrv,AgeAdjPrv,AgeAdjPrv
48127,Dimmit,35.40659,2824:1,36.332809999999995,2752:1,35.769639999999995,2796:1,19.446090047,4078.0,36.3,70.971518138,45002,34.822983169,8257,2,18.0,1950.0,8.5,9.5,21.5,21.5,41.9,20.0,39.9,48.9,47.7,71.4,AgeAdjPrv,AgeAdjPrv,AgeAdjPrv,AgeAdjPrv,AgeAdjPrv,AgeAdjPrv,AgeAdjPrv,AgeAdjPrv,AgeAdjPrv,AgeAdjPrv
48129,Donley,,,,,29.94909,3339:1,21.473779385,3023.0,25.7,73.276647446,48934,100.0,3214,2,17.0,2901.0,5.8,10.6,25.3,10.9,21.5,19.8,32.8,27.1,35.9,72.0,AgeAdjPrv,AgeAdjPrv,AgeAdjPrv,AgeAdjPrv,AgeAdjPrv,AgeAdjPrv,AgeAdjPrv,AgeAdjPrv,AgeAdjPrv,AgeAdjPrv
48131,Duval,,,10.41233,9604:1,,,17.959352966,4363.0,42.8,70.310367841,40415,100.0,9604,1,20.0,9172.0,6.8,9.0,20.0,17.0,33.1,18.2,35.6,40.2,42.2,70.5,AgeAdjPrv,AgeAdjPrv,AgeAdjPrv,AgeAdjPrv,AgeAdjPrv,AgeAdjPrv,AgeAdjPrv,AgeAdjPrv,AgeAdjPrv,AgeAdjPrv
48133,Eastland,22.3914,4466:1,55.441590000000005,1804:1,33.43736,2991:1,20.173211886,2570.0,24.3,72.013278058,52188,100.0,18037,1,12.0,4801.0,6.1,10.4,25.4,11.4,22.7,19.7,33.1,28.3,36.2,71.8,AgeAdjPrv,AgeAdjPrv,AgeAdjPrv,AgeAdjPrv,AgeAdjPrv,AgeAdjPrv,AgeAdjPrv,AgeAdjPrv,AgeAdjPrv,AgeAdjPrv
48135,Ector,57.11058,1751:1,56.53702,1769:1,52.2164,1915:1,21.775297462,3759.0,14.3,71.458720019,66813,9.0905788546,164494,2,21.0,155.0,5.9,9.2,20.8,13.6,26.5,17.5,32.2,32.5,40.1,70.1,AgeAdjPrv,AgeAdjPrv,AgeAdjPrv,AgeAdjPrv,AgeAdjPrv,AgeAdjPrv,AgeAdjPrv,AgeAdjPrv,AgeAdjPrv,AgeAdjPrv
48137,Edwards,69.54103,1438:1,71.78751,1393:1,0.0,1422:0,29.423660263,2363.0,34.7,,51691,100.0,1393,1,9.0,573.0,6.5,9.6,21.9,13.7,27.5,18.3,33.9,33.7,38.9,71.1,AgeAdjPrv,AgeAdjPrv,AgeAdjPrv,AgeAdjPrv,AgeAdjPrv,AgeAdjPrv,AgeAdjPrv,AgeAdjPrv,AgeAdjPrv,AgeAdjPrv
48141,El Paso,49.65741,2014:1,139.90435,715:1,48.45971,2064:1,23.459596372,2060.0,23.8,76.469698001,58656,4.0236490897,869880,14,22.0,9107845.0,5.6,8.6,19.9,15.3,27.0,17.4,33.0,33.6,34.4,74.7,AgeAdjPrv,AgeAdjPrv,AgeAdjPrv,AgeAdjPrv,AgeAdjPrv,AgeAdjPrv,AgeAdjPrv,AgeAdjPrv,AgeAdjPrv,AgeAdjPrv
48139,Ellis,37.9913,2632:1,107.70591,928:1,31.10537,3215:1,16.538318085,3369.0,9.0,76.772297885,90077,30.694448053,222829,1,21.0,0.0,5.1,10.0,22.7,10.9,19.8,17.5,32.9,25.7,36.9,73.4,AgeAdjPrv,AgeAdjPrv,AgeAdjPrv,AgeAdjPrv,AgeAdjPrv,AgeAdjPrv,AgeAdjPrv,AgeAdjPrv,AgeAdjPrv,AgeAdjPrv
48143,Erath,57.6329,1735:1,131.23657,762:1,56.95409,1756:1,20.56641545,3044.0,17.5,76.749937433,63564,50.98836526,44195,1,17.0,11405.0,5.7,10.2,24.7,11.0,20.8,18.9,31.9,26.1,35.8,72.3,AgeAdjPrv,AgeAdjPrv,AgeAdjPrv,AgeAdjPrv,AgeAdjPrv,AgeAdjPrv,AgeAdjPrv,AgeAdjPrv,AgeAdjPrv,AgeAdjPrv
48145,Falls,5.77601,17313:1,17.35509,5762:1,29.32723,3410:1,18.304969943,2787.0,25.0,73.938529887,49940,68.198962753,17286,2,17.0,6296.0,6.5,11.0,23.9,13.8,26.5,20.3,36.8,32.6,40.3,73.5,AgeAdjPrv,AgeAdjPrv,AgeAdjPrv,AgeAdjPrv,AgeAdjPrv,AgeAdjPrv,AgeAdjPrv,AgeAdjPrv,AgeAdjPrv,AgeAdjPrv
48147,Fannin,19.1419,5224:1,103.80347,963:1,24.24242,4125:1,16.589961168,4316.0,19.2,73.295055813,66381,78.130783467,37571,1,16.0,11409.0,6.1,10.4,25.1,11.4,22.1,19.4,33.7,28.0,39.1,72.1,AgeAdjPrv,AgeAdjPrv,AgeAdjPrv,AgeAdjPrv,AgeAdjPrv,AgeAdjPrv,AgeAdjPrv,AgeAdjPrv,AgeAdjPrv,AgeAdjPrv
48149,Fayette,32.40572,3086:1,51.032430000000005,1960:1,52.18159,1916:1,18.974586125,2448.0,13.2,76.394841658,71442,79.455698793,25474,1,19.0,0.0,5.1,9.8,23.1,10.1,18.8,17.8,30.6,24.3,34.4,72.9,AgeAdjPrv,AgeAdjPrv,AgeAdjPrv,AgeAdjPrv,AgeAdjPrv,AgeAdjPrv,AgeAdjPrv,AgeAdjPrv,AgeAdjPrv,AgeAdjPrv
48151,Fisher,53.966539999999995,1853:1,,,27.60906,3622:1,15.777940102,1375.0,20.6,71.617979542,61808,100.0,3612,1,15.0,820.0,5.4,9.9,23.4,10.8,20.2,18.3,32.0,26.5,36.1,72.3,AgeAdjPrv,AgeAdjPrv,AgeAdjPrv,AgeAdjPrv,AgeAdjPrv,AgeAdjPrv,AgeAdjPrv,AgeAdjPrv,AgeAdjPrv,AgeAdjPrv
48153,Floyd,56.07477,1783:1,39.29273,2545:1,19.1022,5235:1,24.869729986,1532.0,31.9,72.933833479,46817,100.0,5090,1,9.0,342.0,6.5,9.6,21.8,14.4,28.6,18.5,34.1,35.2,39.7,71.4,AgeAdjPrv,AgeAdjPrv,AgeAdjPrv,AgeAdjPrv,AgeAdjPrv,AgeAdjPrv,AgeAdjPrv,AgeAdjPrv,AgeAdjPrv,AgeAdjPrv
48155,Foard,0.0,1080:0,,,0.0,1057:0,18.263090677,1003.0,25.9,,50030,100.0,1079,1,11.0,1026.0,7.0,11.1,26.1,13.6,27.4,21.3,36.2,32.6,41.0,72.4,AgeAdjPrv,AgeAdjPrv,AgeAdjPrv,AgeAdjPrv,AgeAdjPrv,AgeAdjPrv,AgeAdjPrv,AgeAdjPrv,AgeAdjPrv,AgeAdjPrv
48157,Fort Bend,84.67992000000001,1181:1,118.89465,841:1,58.14568,1720:1,12.355141773,2830.0,10.1,80.957480855,106213,4.7980077275,916778,1,19.0,0.0,4.4,8.9,17.6,11.1,16.6,14.6,30.3,24.0,29.4,74.5,AgeAdjPrv,AgeAdjPrv,AgeAdjPrv,AgeAdjPrv,AgeAdjPrv,AgeAdjPrv,AgeAdjPrv,AgeAdjPrv,AgeAdjPrv,AgeAdjPrv
48159,Franklin,28.669719999999998,3488:1,37.26129,2684:1,37.67188,2655:1,14.633251834,2183.0,21.0,74.456863791,59972,100.0,10735,2,14.0,94.0,5.3,10.2,24.4,9.9,18.5,18.3,31.4,23.8,35.5,72.7,AgeAdjPrv,AgeAdjPrv,AgeAdjPrv,AgeAdjPrv,AgeAdjPrv,AgeAdjPrv,AgeAdjPrv,AgeAdjPrv,AgeAdjPrv,AgeAdjPrv
48161,Freestone,30.342869999999998,3296:1,34.2449,2920:1,30.075190000000003,3325:1,18.933258866,3289.0,20.8,74.444072466,58850,100.0,20441,2,15.0,7186.0,6.0,10.3,23.8,11.9,22.5,19.4,35.2,28.4,38.2,72.7,AgeAdjPrv,AgeAdjPrv,AgeAdjPrv,AgeAdjPrv,AgeAdjPrv,AgeAdjPrv,AgeAdjPrv,AgeAdjPrv,AgeAdjPrv,AgeAdjPrv
48163,Frio,21.69668,4609:1,33.357420000000005,2998:1,28.06624,3563:1,21.861186506,2957.0,36.2,72.41843734,50112,50.704378569,17987,3,21.0,491.0,6.6,8.6,19.1,16.5,32.7,17.5,35.0,39.5,41.5,69.7,AgeAdjPrv,AgeAdjPrv,AgeAdjPrv,AgeAdjPrv,AgeAdjPrv,AgeAdjPrv,AgeAdjPrv,AgeAdjPrv,AgeAdjPrv,AgeAdjPrv
48165,Gaines,9.134509999999999,10948:1,22.19953,4505:1,13.525089999999999,7394:1,31.98876179,2257.0,19.3,73.829826357,66019,67.274747662,22523,1,13.0,11843.0,6.0,10.1,23.4,12.3,26.5,19.6,32.2,32.5,36.5,69.6,AgeAdjPrv,AgeAdjPrv,AgeAdjPrv,AgeAdjPrv,AgeAdjPrv,AgeAdjPrv,AgeAdjPrv,AgeAdjPrv,AgeAdjPrv,AgeAdjPrv
48167,Galveston,70.41024,1420:1,158.67575,630:1,51.80375,1930:1,15.833929753,3666.0,14.8,76.055944864,83080,4.0643660068,361744,2,21.0,5990.0,5.1,9.8,22.2,10.8,18.9,17.3,32.7,24.8,33.8,73.1,AgeAdjPrv,AgeAdjPrv,AgeAdjPrv,AgeAdjPrv,AgeAdjPrv,AgeAdjPrv,AgeAdjPrv,AgeAdjPrv,AgeAdjPrv,AgeAdjPrv
48169,Garza,17.05611,5863:1,22.13859,4517:1,31.93868,3131:1,22.182680902,1166.0,26.8,73.463757665,53190,100.0,4517,1,14.0,1432.0,6.7,9.3,20.8,14.5,29.5,18.3,35.0,35.9,39.9,70.1,AgeAdjPrv,AgeAdjPrv,AgeAdjPrv,AgeAdjPrv,AgeAdjPrv,AgeAdjPrv,AgeAdjPrv,AgeAdjPrv,AgeAdjPrv,AgeAdjPrv
48171,Gillespie,117.22900000000001,853:1,93.75113,1067:1,76.42756,1308:1,24.687352833,1055.0,13.2,78.652631879,76238,56.441534144,27733,0,,0.0,5.0,9.6,23.2,9.5,17.8,17.1,29.9,23.1,33.7,72.5,AgeAdjPrv,AgeAdjPrv,AgeAdjPrv,AgeAdjPrv,AgeAdjPrv,AgeAdjPrv,AgeAdjPrv,AgeAdjPrv,AgeAdjPrv,AgeAdjPrv
48173,Glasscock,0.0,1149:0,,,0.0,1164:0,17.343904856,,8.0,,99602,100.0,1141,1,9.0,1070.0,4.9,9.1,21.3,9.9,17.4,15.8,30.0,22.7,33.6,72.6,AgeAdjPrv,AgeAdjPrv,AgeAdjPrv,AgeAdjPrv,AgeAdjPrv,AgeAdjPrv,AgeAdjPrv,AgeAdjPrv,AgeAdjPrv,AgeAdjPrv
48175,Goliad,,,13.99776,7144:1,56.09311,1783:1,16.495423127,1513.0,22.4,77.844690666,64024,100.0,7144,2,15.0,2544.0,5.7,10.0,23.3,11.6,22.5,18.5,32.2,28.1,37.1,71.7,AgeAdjPrv,AgeAdjPrv,AgeAdjPrv,AgeAdjPrv,AgeAdjPrv,AgeAdjPrv,AgeAdjPrv,AgeAdjPrv,AgeAdjPrv,AgeAdjPrv
48177,Gonzales,40.73112,2455:1,40.14049,2491:1,45.3812,2204:1,22.631775236,1967.0,24.9,74.236352277,56350,64.621177428,19930,2,17.0,4567.0,6.3,9.9,22.5,13.7,27.7,19.0,34.5,34.7,39.8,71.7,AgeAdjPrv,AgeAdjPrv,AgeAdjPrv,AgeAdjPrv,AgeAdjPrv,AgeAdjPrv,AgeAdjPrv,AgeAdjPrv,AgeAdjPrv,AgeAdjPrv
48179,Gray,28.53067,3505:1,43.02926,2324:1,57.102070000000005,1751:1,21.516457436,2195.0,22.4,72.295596335,56726,20.549300419,20916,1,18.0,7073.0,6.3,9.9,23.6,12.4,24.3,19.1,34.7,30.8,38.5,71.8,AgeAdjPrv,AgeAdjPrv,AgeAdjPrv,AgeAdjPrv,AgeAdjPrv,AgeAdjPrv,AgeAdjPrv,AgeAdjPrv,AgeAdjPrv,AgeAdjPrv
48181,Grayson,42.34369,2362:1,154.51953,647:1,61.48214,1626:1,18.502670106,4453.0,14.8,74.410591734,69442,47.689663059,146907,1,14.0,33979.0,5.5,10.4,25.0,10.6,19.8,18.9,32.1,26.4,33.9,72.9,AgeAdjPrv,AgeAdjPrv,AgeAdjPrv,AgeAdjPrv,AgeAdjPrv,AgeAdjPrv,AgeAdjPrv,AgeAdjPrv,AgeAdjPrv,AgeAdjPrv
48183,Gregg,90.98155,1099:1,240.01331000000002,417:1,100.44403,996:1,19.865438401,3709.0,22.9,72.129591107,61254,13.46034659,126243,4,17.0,12483.0,5.9,10.7,24.2,12.3,23.1,19.5,35.3,28.7,37.2,73.2,AgeAdjPrv,AgeAdjPrv,AgeAdjPrv,AgeAdjPrv,AgeAdjPrv,AgeAdjPrv,AgeAdjPrv,AgeAdjPrv,AgeAdjPrv,AgeAdjPrv
48185,Grimes,26.41397,3786:1,21.61561,4626:1,19.50966,5126:1,19.708965456,3122.0,20.9,74.887496339,64708,74.518245182,32384,1,16.0,7878.0,6.1,10.1,23.3,12.3,23.6,18.9,34.5,29.0,37.1,72.3,AgeAdjPrv,AgeAdjPrv,AgeAdjPrv,AgeAdjPrv,AgeAdjPrv,AgeAdjPrv,AgeAdjPrv,AgeAdjPrv,AgeAdjPrv,AgeAdjPrv
48187,Guadalupe,25.98342,3849:1,60.492219999999996,1653:1,38.84876,2574:1,13.756836076,3030.0,10.7,78.219601755,94952,24.821951756,188454,0,,0.0,5.0,9.5,22.5,11.6,19.8,16.9,31.7,25.4,34.4,73.9,AgeAdjPrv,AgeAdjPrv,AgeAdjPrv,AgeAdjPrv,AgeAdjPrv,AgeAdjPrv,AgeAdjPrv,AgeAdjPrv,AgeAdjPrv,AgeAdjPrv
48189,Hale,40.347609999999996,2478:1,154.27725999999998,648:1,15.70993,6365:1,22.307995274,2074.0,28.8,72.578887901,52487,30.462456184,31761,2,19.0,8104.0,6.6,9.5,21.4,15.0,29.6,18.5,35.5,36.1,39.5,71.5,AgeAdjPrv,AgeAdjPrv,AgeAdjPrv,AgeAdjPrv,AgeAdjPrv,AgeAdjPrv,AgeAdjPrv,AgeAdjPrv,AgeAdjPrv,AgeAdjPrv
48191,Hall,,,,,0.0,2810:0,25.130146711,4047.0,36.8,74.158563848,40725,100.0,2818,1,20.0,2778.0,6.5,10.1,23.6,13.6,26.4,19.3,35.1,32.5,40.0,72.1,AgeAdjPrv,AgeAdjPrv,AgeAdjPrv,AgeAdjPrv,AgeAdjPrv,AgeAdjPrv,AgeAdjPrv,AgeAdjPrv,AgeAdjPrv,AgeAdjPrv
48193,Hamilton,97.21715999999999,1029:1,104.42047,958:1,60.25548,1660:1,22.269180754,3300.0,21.5,74.264762179,59403,100.0,8619,1,15.0,1816.0,5.9,10.2,25.2,11.0,21.5,19.3,33.1,27.4,36.6,72.0,AgeAdjPrv,AgeAdjPrv,AgeAdjPrv,AgeAdjPrv,AgeAdjPrv,AgeAdjPrv,AgeAdjPrv,AgeAdjPrv,AgeAdjPrv,AgeAdjPrv
48195,Hansford,58.150800000000004,1720:1,78.87991,1268:1,19.41371,5151:1,27.108851398,2546.0,13.2,76.543527533,68171,100.0,5071,1,12.0,663.0,5.9,9.6,22.5,12.3,24.6,17.8,32.2,30.5,37.4,71.6,AgeAdjPrv,AgeAdjPrv,AgeAdjPrv,AgeAdjPrv,AgeAdjPrv,AgeAdjPrv,AgeAdjPrv,AgeAdjPrv,AgeAdjPrv,AgeAdjPrv
48197,Hardeman,112.61260999999999,888:1,114.61318,873:1,113.76564,879:1,19.85428051,5555.0,25.4,73.774936118,50431,100.0,3490,0,,0.0,6.1,10.5,24.7,11.9,23.4,19.8,33.6,29.3,38.0,72.0,AgeAdjPrv,AgeAdjPrv,AgeAdjPrv,AgeAdjPrv,AgeAdjPrv,AgeAdjPrv,AgeAdjPrv,AgeAdjPrv,AgeAdjPrv,AgeAdjPrv
48199,Hardin,17.55217,5697:1,54.925250000000005,1821:1,27.67639,3613:1,16.560148005,3050.0,15.1,73.695978231,73943,50.721132471,58261,1,12.0,34237.0,5.6,10.6,25.7,10.4,20.0,19.8,32.5,25.7,33.7,72.4,AgeAdjPrv,AgeAdjPrv,AgeAdjPrv,AgeAdjPrv,AgeAdjPrv,AgeAdjPrv,AgeAdjPrv,AgeAdjPrv,AgeAdjPrv,AgeAdjPrv
48201,Harris,58.24836,1717:1,177.63760000000002,563:1,74.44185,1343:1,22.188504654,3104.0,22.4,77.349626032,72348,1.1337213296,4835125,15,22.0,0.0,5.5,9.2,19.5,13.2,21.8,16.4,32.9,26.9,37.1,73.3,AgeAdjPrv,AgeAdjPrv,AgeAdjPrv,AgeAdjPrv,AgeAdjPrv,AgeAdjPrv,AgeAdjPrv,AgeAdjPrv,AgeAdjPrv,AgeAdjPrv
48203,Harrison,30.36876,3293:1,55.01093,1818:1,24.30134,4115:1,17.421367584,2895.0,23.2,74.484254871,62710,54.904923081,70895,2,21.0,17022.0,5.9,10.8,24.3,11.9,22.4,19.6,35.0,28.7,39.2,73.9,AgeAdjPrv,AgeAdjPrv,AgeAdjPrv,AgeAdjPrv,AgeAdjPrv,AgeAdjPrv,AgeAdjPrv,AgeAdjPrv,AgeAdjPrv,AgeAdjPrv
48205,Hartley,,,19.43635,5145:1,,,16.661943893,,8.3,77.944851572,88312,46.209587514,5145,1,13.0,3824.0,5.5,9.1,21.1,10.8,20.3,16.9,32.2,25.9,34.3,71.2,AgeAdjPrv,AgeAdjPrv,AgeAdjPrv,AgeAdjPrv,AgeAdjPrv,AgeAdjPrv,AgeAdjPrv,AgeAdjPrv,AgeAdjPrv,AgeAdjPrv
48207,Haskell,92.40436,1082:1,129.99070999999998,769:1,37.01647,2702:1,23.587950511,3047.0,29.2,74.134885884,49755,100.0,5385,2,19.0,5117.0,6.3,10.1,23.8,12.3,24.7,19.1,34.1,30.6,36.9,71.6,AgeAdjPrv,AgeAdjPrv,AgeAdjPrv,AgeAdjPrv,AgeAdjPrv,AgeAdjPrv,AgeAdjPrv,AgeAdjPrv,AgeAdjPrv,AgeAdjPrv
48209,Hays,44.244839999999996,2260:1,134.76608,742:1,39.00084,2564:1,13.810197072,2327.0,9.1,79.403998653,88491,29.743598253,280486,0,,0.0,5.1,9.3,21.5,10.8,18.9,16.5,30.5,23.9,35.3,72.4,AgeAdjPrv,AgeAdjPrv,AgeAdjPrv,AgeAdjPrv,AgeAdjPrv,AgeAdjPrv,AgeAdjPrv,AgeAdjPrv,AgeAdjPrv,AgeAdjPrv
48211,Hemphill,122.28676000000002,818:1,94.07338,1063:1,0.0,3217:0,20.811017598,3793.0,13.4,80.580763795,72565,100.0,3189,1,15.0,0.0,4.8,9.5,22.5,9.7,18.3,17.1,29.3,24.3,33.2,71.9,AgeAdjPrv,AgeAdjPrv,AgeAdjPrv,AgeAdjPrv,AgeAdjPrv,AgeAdjPrv,AgeAdjPrv,AgeAdjPrv,AgeAdjPrv,AgeAdjPrv
48213,Henderson,35.85643,2789:1,67.31818,1485:1,34.31506,2914:1,22.351047197,4126.0,23.6,71.973596294,58965,65.944004869,86158,2,17.0,12792.0,6.0,10.6,25.7,11.3,22.4,19.9,34.0,28.3,35.6,73.0,AgeAdjPrv,AgeAdjPrv,AgeAdjPrv,AgeAdjPrv,AgeAdjPrv,AgeAdjPrv,AgeAdjPrv,AgeAdjPrv,AgeAdjPrv,AgeAdjPrv
48215,Hidalgo,46.34489,2158:1,91.15486,1097:1,31.06824,3219:1,30.244383253,3145.0,37.3,77.305451055,53160,8.9052241608,898471,7,20.0,7213243.0,6.6,8.7,20.0,17.7,34.1,18.0,34.1,38.0,45.0,71.9,AgeAdjPrv,AgeAdjPrv,AgeAdjPrv,AgeAdjPrv,AgeAdjPrv,AgeAdjPrv,AgeAdjPrv,AgeAdjPrv,AgeAdjPrv,AgeAdjPrv
48217,Hill,24.677139999999998,4052:1,41.99365,2381:1,34.82547,2871:1,19.598934135,4238.0,19.3,72.584912319,61840,77.5101745,38101,2,16.0,10195.0,5.9,10.3,24.5,11.5,22.4,19.3,33.3,29.0,37.0,72.3,AgeAdjPrv,AgeAdjPrv,AgeAdjPrv,AgeAdjPrv,AgeAdjPrv,AgeAdjPrv,AgeAdjPrv,AgeAdjPrv,AgeAdjPrv,AgeAdjPrv
48219,Hockley,60.85287999999999,1643:1,83.87698,1192:1,37.8054,2645:1,22.481147587,2745.0,19.8,71.045797991,60851,41.491386916,21460,2,19.0,10344.0,5.9,9.7,22.4,12.9,24.9,18.3,32.9,31.6,36.4,71.7,AgeAdjPrv,AgeAdjPrv,AgeAdjPrv,AgeAdjPrv,AgeAdjPrv,AgeAdjPrv,AgeAdjPrv,AgeAdjPrv,AgeAdjPrv,AgeAdjPrv
48221,Hood,37.37037,2676:1,125.41683,797:1,54.23891999999999,1844:1,16.565541393,2326.0,11.9,76.034606035,82428,41.084126108,67774,0,,0.0,5.0,9.9,24.4,9.2,16.8,17.7,30.0,22.7,33.4,73.1,AgeAdjPrv,AgeAdjPrv,AgeAdjPrv,AgeAdjPrv,AgeAdjPrv,AgeAdjPrv,AgeAdjPrv,AgeAdjPrv,AgeAdjPrv,AgeAdjPrv
48223,Hopkins,24.1864,4135:1,89.07052,1123:1,31.74267,3150:1,20.322538351,3067.0,18.7,73.990483242,61112,60.086443581,38172,1,16.0,8802.0,5.8,10.5,25.0,11.2,22.1,19.5,33.0,28.4,37.7,72.3,AgeAdjPrv,AgeAdjPrv,AgeAdjPrv,AgeAdjPrv,AgeAdjPrv,AgeAdjPrv,AgeAdjPrv,AgeAdjPrv,AgeAdjPrv,AgeAdjPrv
48225,Houston,13.4886,7414:1,40.78673,2452:1,22.77904,4390:1,19.769448471,2825.0,28.2,72.548036774,52649,73.103417022,22066,1,13.0,7658.0,6.6,10.7,23.8,13.5,26.1,20.0,37.2,31.7,38.2,72.9,AgeAdjPrv,AgeAdjPrv,AgeAdjPrv,AgeAdjPrv,AgeAdjPrv,AgeAdjPrv,AgeAdjPrv,AgeAdjPrv,AgeAdjPrv,AgeAdjPrv
48227,Howard,20.511020000000002,4875:1,229.10257000000001,436:1,53.45688,1871:1,19.8384571,2914.0,21.7,71.5529554,63398,16.939185313,30554,4,21.0,2200.0,6.1,9.5,22.0,13.1,25.0,18.2,33.8,31.9,38.2,71.7,AgeAdjPrv,AgeAdjPrv,AgeAdjPrv,AgeAdjPrv,AgeAdjPrv,AgeAdjPrv,AgeAdjPrv,AgeAdjPrv,AgeAdjPrv,AgeAdjPrv
48229,Hudspeth,,,,,0.0,3432:0,25.628626692,,40.5,74.268479416,47693,100.0,3451,1,21.0,2619.0,7.8,8.9,19.8,17.4,34.8,18.4,37.7,40.1,41.1,70.4,AgeAdjPrv,AgeAdjPrv,AgeAdjPrv,AgeAdjPrv,AgeAdjPrv,AgeAdjPrv,AgeAdjPrv,AgeAdjPrv,AgeAdjPrv,AgeAdjPrv
48231,Hunt,27.08088,3693:1,85.57792,1169:1,31.39949,3185:1,18.900569178,4436.0,17.1,74.14739822,70427,61.325983433,113347,2,21.0,30187.0,5.8,10.3,23.6,11.2,22.1,19.0,33.5,27.7,36.9,72.6,AgeAdjPrv,AgeAdjPrv,AgeAdjPrv,AgeAdjPrv,AgeAdjPrv,AgeAdjPrv,AgeAdjPrv,AgeAdjPrv,AgeAdjPrv,AgeAdjPrv
48233,Hutchinson,24.39619,4099:1,44.925869999999996,2226:1,49.46822,2022:1,16.376476318,2549.0,16.9,70.978061031,64752,37.682495028,20033,1,12.0,4094.0,5.7,10.2,24.2,11.0,21.3,19.0,32.0,27.2,35.2,72.1,AgeAdjPrv,AgeAdjPrv,AgeAdjPrv,AgeAdjPrv,AgeAdjPrv,AgeAdjPrv,AgeAdjPrv,AgeAdjPrv,AgeAdjPrv,AgeAdjPrv
48235,Irion,0.0,1552:0,,,0.0,1530:0,20.506535948,,9.8,,75689,100.0,1549,1,13.0,1432.0,5.2,9.8,23.9,10.3,19.1,18.0,31.0,24.8,35.0,72.0,AgeAdjPrv,AgeAdjPrv,AgeAdjPrv,AgeAdjPrv,AgeAdjPrv,AgeAdjPrv,AgeAdjPrv,AgeAdjPrv,AgeAdjPrv,AgeAdjPrv
48237,Jack,34.43526,2904:1,22.53521,4438:1,,,22.300579846,3560.0,17.2,74.967815255,62721,100.0,8875,2,15.0,614.0,6.4,10.2,24.5,11.8,23.9,19.7,34.4,29.5,37.9,71.4,AgeAdjPrv,AgeAdjPrv,AgeAdjPrv,AgeAdjPrv,AgeAdjPrv,AgeAdjPrv,AgeAdjPrv,AgeAdjPrv,AgeAdjPrv,AgeAdjPrv
48239,Jackson,13.22664,7561:1,32.84935,3044:1,39.62488,2524:1,19.803888703,4719.0,19.2,76.275650526,62026,60.568454764,15221,2,13.0,948.0,5.9,10.0,23.5,12.1,23.7,19.0,33.3,30.2,38.1,72.0,AgeAdjPrv,AgeAdjPrv,AgeAdjPrv,AgeAdjPrv,AgeAdjPrv,AgeAdjPrv,AgeAdjPrv,AgeAdjPrv,AgeAdjPrv,AgeAdjPrv
48241,Jasper,36.39121,2748:1,55.055969999999995,1816:1,36.94126,2707:1,20.229903345,2086.0,23.6,71.032609139,58113,77.856276531,32694,1,14.0,5272.0,6.6,11.2,25.9,12.9,25.3,21.4,36.8,31.6,41.2,72.7,AgeAdjPrv,AgeAdjPrv,AgeAdjPrv,AgeAdjPrv,AgeAdjPrv,AgeAdjPrv,AgeAdjPrv,AgeAdjPrv,AgeAdjPrv,AgeAdjPrv
48243,Jeff Davis,51.30836,1949:1,215.51724000000002,464:1,0.0,1903:0,22.162162162,1345.0,23.1,79.740956446,63614,100.0,1856,1,10.0,796.0,6.4,10.1,24.3,13.1,24.5,18.7,33.9,30.0,38.0,73.0,AgeAdjPrv,AgeAdjPrv,AgeAdjPrv,AgeAdjPrv,AgeAdjPrv,AgeAdjPrv,AgeAdjPrv,AgeAdjPrv,AgeAdjPrv,AgeAdjPrv
48245,Jefferson,47.69337,2097:1,138.7696,721:1,64.98425,1539:1,20.498213374,2984.0,23.6,73.36571862,59298,9.8469550845,251496,4,23.0,47503.0,6.2,10.6,21.5,14.2,25.8,19.2,37.4,31.3,41.2,74.2,AgeAdjPrv,AgeAdjPrv,AgeAdjPrv,AgeAdjPrv,AgeAdjPrv,AgeAdjPrv,AgeAdjPrv,AgeAdjPrv,AgeAdjPrv,AgeAdjPrv
48247,Jim Hogg,20.82899,4801:1,,,20.995169999999998,4763:1,21.422986708,6214.0,36.6,72.518928415,44736,100.0,4720,1,23.0,4543.0,8.0,9.2,20.5,20.2,39.6,18.9,38.1,46.6,45.7,70.9,AgeAdjPrv,AgeAdjPrv,AgeAdjPrv,AgeAdjPrv,AgeAdjPrv,AgeAdjPrv,AgeAdjPrv,AgeAdjPrv,AgeAdjPrv,AgeAdjPrv
48249,Jim Wells,30.89042,3237:1,106.04728,943:1,33.48272,2987:1,18.9908114,2822.0,29.9,71.179592946,50814,50.083566892,38662,2,19.0,13227.0,6.5,9.1,20.5,16.2,31.7,17.9,34.6,39.4,40.8,71.5,AgeAdjPrv,AgeAdjPrv,AgeAdjPrv,AgeAdjPrv,AgeAdjPrv,AgeAdjPrv,AgeAdjPrv,AgeAdjPrv,AgeAdjPrv,AgeAdjPrv
48251,Johnson,40.58095,2464:1,98.56781000000001,1015:1,40.407970000000006,2475:1,18.2676889,3917.0,12.8,75.363574235,83229,46.472736165,202906,0,,0.0,5.4,10.2,23.4,11.0,20.7,18.4,32.1,26.7,33.1,71.8,AgeAdjPrv,AgeAdjPrv,AgeAdjPrv,AgeAdjPrv,AgeAdjPrv,AgeAdjPrv,AgeAdjPrv,AgeAdjPrv,AgeAdjPrv,AgeAdjPrv
48253,Jones,10.06391,9937:1,24.532649999999997,4076:1,10.03261,9968:1,17.881587953,3353.0,21.6,73.628166782,51671,100.0,20381,2,16.0,4621.0,6.5,9.5,21.3,12.9,25.2,18.5,35.9,30.7,38.8,71.1,AgeAdjPrv,AgeAdjPrv,AgeAdjPrv,AgeAdjPrv,AgeAdjPrv,AgeAdjPrv,AgeAdjPrv,AgeAdjPrv,AgeAdjPrv,AgeAdjPrv
48255,Karnes,27.111289999999997,3689:1,13.31735,7509:1,60.663250000000005,1648:1,18.336755647,2382.0,26.5,74.057265306,62059,100.0,15018,2,15.0,1028.0,6.5,9.2,20.3,14.4,28.2,17.9,35.9,34.5,39.3,71.2,AgeAdjPrv,AgeAdjPrv,AgeAdjPrv,AgeAdjPrv,AgeAdjPrv,AgeAdjPrv,AgeAdjPrv,AgeAdjPrv,AgeAdjPrv,AgeAdjPrv
48257,Kaufman,20.91679,4781:1,106.62933,938:1,38.29061,2612:1,16.822891947,3082.0,13.4,74.749231714,90064,41.922097584,185690,0,,0.0,5.4,10.4,21.9,11.5,21.6,18.0,33.3,27.6,37.6,73.8,AgeAdjPrv,AgeAdjPrv,AgeAdjPrv,AgeAdjPrv,AgeAdjPrv,AgeAdjPrv,AgeAdjPrv,AgeAdjPrv,AgeAdjPrv,AgeAdjPrv
48259,Kendall,85.49201000000001,1170:1,237.44979,421:1,81.67765999999999,1224:1,15.268503595,1247.0,8.8,79.802887754,112618,56.803450846,50537,0,,0.0,4.5,9.3,21.5,8.8,15.1,15.8,29.0,19.9,34.1,73.5,AgeAdjPrv,AgeAdjPrv,AgeAdjPrv,AgeAdjPrv,AgeAdjPrv,AgeAdjPrv,AgeAdjPrv,AgeAdjPrv,AgeAdjPrv,AgeAdjPrv
48261,Kenedy,0.0,340:0,0.0,343:0,0.0,358:0,37.68115942,,20.8,,43037,100.0,343,1,5.0,51.0,6.4,9.4,20.5,14.9,31.8,18.3,32.6,38.0,37.9,69.1,AgeAdjPrv,AgeAdjPrv,AgeAdjPrv,AgeAdjPrv,AgeAdjPrv,AgeAdjPrv,AgeAdjPrv,AgeAdjPrv,AgeAdjPrv,AgeAdjPrv
48263,Kent,0.0,749:0,0.0,734:0,0.0,740:0,11.290322581,2621.0,14.6,,62437,100.0,734,2,15.0,670.0,4.7,9.8,24.0,9.3,17.1,17.6,29.4,22.4,33.1,72.4,AgeAdjPrv,AgeAdjPrv,AgeAdjPrv,AgeAdjPrv,AgeAdjPrv,AgeAdjPrv,AgeAdjPrv,AgeAdjPrv,AgeAdjPrv,AgeAdjPrv
48265,Kerr,80.88636000000001,1236:1,339.42316999999997,295:1,72.57029,1378:1,19.03238812,1897.0,19.4,76.53702355,64662,39.45777406,53915,1,8.0,211.0,5.5,9.8,23.3,10.8,20.2,17.9,31.2,25.7,35.3,72.7,AgeAdjPrv,AgeAdjPrv,AgeAdjPrv,AgeAdjPrv,AgeAdjPrv,AgeAdjPrv,AgeAdjPrv,AgeAdjPrv,AgeAdjPrv,AgeAdjPrv
48267,Kimble,91.63803,1091:1,90.04952999999999,1111:1,67.84261000000001,1474:1,21.579460513,906.0,34.7,78.568689558,54562,100.0,4442,2,15.0,1480.0,6.1,10.2,24.8,11.7,23.2,19.2,33.3,28.7,37.5,72.0,AgeAdjPrv,AgeAdjPrv,AgeAdjPrv,AgeAdjPrv,AgeAdjPrv,AgeAdjPrv,AgeAdjPrv,AgeAdjPrv,AgeAdjPrv,AgeAdjPrv
48269,King,0.0,258:0,0.0,217:0,0.0,233:0,20.304568528,,10.2,,85720,100.0,217,1,6.0,189.0,6.7,10.6,25.5,12.2,24.1,20.2,35.0,29.1,37.8,71.8,AgeAdjPrv,AgeAdjPrv,AgeAdjPrv,AgeAdjPrv,AgeAdjPrv,AgeAdjPrv,AgeAdjPrv,AgeAdjPrv,AgeAdjPrv,AgeAdjPrv
48271,Kinney,,,,,0.0,3128:0,12.874870734,1132.0,26.0,76.738521278,53572,100.0,3148,1,7.0,987.0,6.1,8.8,20.3,13.2,24.4,16.8,33.5,30.5,38.4,71.3,AgeAdjPrv,AgeAdjPrv,AgeAdjPrv,AgeAdjPrv,AgeAdjPrv,AgeAdjPrv,AgeAdjPrv,AgeAdjPrv,AgeAdjPrv,AgeAdjPrv
48273,Kleberg,42.435120000000005,2357:1,66.51369,1503:1,59.28462999999999,1687:1,19.118889559,3475.0,29.1,73.430634575,52903,19.635953608,30069,1,10.0,2176.0,6.3,9.1,20.7,15.4,28.2,17.4,34.1,35.4,40.0,72.1,AgeAdjPrv,AgeAdjPrv,AgeAdjPrv,AgeAdjPrv,AgeAdjPrv,AgeAdjPrv,AgeAdjPrv,AgeAdjPrv,AgeAdjPrv,AgeAdjPrv
48275,Knox,29.841839999999998,3351:1,,,0.0,3273:0,20.928433269,2516.0,32.0,71.013358167,55414,100.0,3302,1,10.0,1318.0,6.0,10.2,23.9,12.5,24.2,19.2,34.1,30.6,38.0,72.2,AgeAdjPrv,AgeAdjPrv,AgeAdjPrv,AgeAdjPrv,AgeAdjPrv,AgeAdjPrv,AgeAdjPrv,AgeAdjPrv,AgeAdjPrv,AgeAdjPrv
48283,La Salle,,,76.48769,1307:1,,,22.345445965,1604.0,31.6,73.211939126,48675,100.0,6537,2,21.0,5913.0,6.9,8.9,19.7,16.6,34.1,18.1,35.4,40.9,40.9,69.2,AgeAdjPrv,AgeAdjPrv,AgeAdjPrv,AgeAdjPrv,AgeAdjPrv,AgeAdjPrv,AgeAdjPrv,AgeAdjPrv,AgeAdjPrv,AgeAdjPrv
48277,Lamar,43.91393,2277:1,125.17848,799:1,49.52064,2019:1,18.188137739,4303.0,28.7,72.39741555,56275,47.508385242,51127,1,15.0,10573.0,6.1,11.1,25.6,11.9,23.0,20.4,35.2,28.8,38.7,72.9,AgeAdjPrv,AgeAdjPrv,AgeAdjPrv,AgeAdjPrv,AgeAdjPrv,AgeAdjPrv,AgeAdjPrv,AgeAdjPrv,AgeAdjPrv,AgeAdjPrv
48279,Lamb,23.25942,4299:1,39.33601,2542:1,15.71833,6362:1,23.036901436,1970.0,25.2,72.173581789,57113,56.872364891,12711,2,15.0,5686.0,6.3,9.6,22.1,14.3,28.3,18.6,34.1,34.9,40.4,71.4,AgeAdjPrv,AgeAdjPrv,AgeAdjPrv,AgeAdjPrv,AgeAdjPrv,AgeAdjPrv,AgeAdjPrv,AgeAdjPrv,AgeAdjPrv,AgeAdjPrv
48281,Lampasas,44.93978,2225:1,81.67827,1224:1,13.16656,7595:1,17.51409307,2692.0,17.1,74.824030856,71484,66.134923938,23262,1,12.0,8596.0,5.6,10.2,24.9,11.0,20.4,19.0,32.2,26.1,34.8,72.9,AgeAdjPrv,AgeAdjPrv,AgeAdjPrv,AgeAdjPrv,AgeAdjPrv,AgeAdjPrv,AgeAdjPrv,AgeAdjPrv,AgeAdjPrv,AgeAdjPrv
48285,Lavaca,58.41121,1712:1,34.02849,2939:1,24.28481,4118:1,14.954169605,4306.0,16.2,77.29095461,64145,82.386782711,20571,1,13.0,3701.0,5.7,10.3,24.6,11.1,21.4,19.1,32.8,27.4,36.8,72.4,AgeAdjPrv,AgeAdjPrv,AgeAdjPrv,AgeAdjPrv,AgeAdjPrv,AgeAdjPrv,AgeAdjPrv,AgeAdjPrv,AgeAdjPrv,AgeAdjPrv
48287,Lee,22.59121,4427:1,43.859649999999995,2280:1,22.27916,4489:1,20.317844926,3271.0,15.9,76.33094706,71112,100.0,18240,1,11.0,10357.0,6.2,10.3,24.0,12.4,24.3,19.4,34.8,30.4,39.6,72.5,AgeAdjPrv,AgeAdjPrv,AgeAdjPrv,AgeAdjPrv,AgeAdjPrv,AgeAdjPrv,AgeAdjPrv,AgeAdjPrv,AgeAdjPrv,AgeAdjPrv
48289,Leon,,,36.28008,2756:1,24.67765,4052:1,21.78030303,2573.0,21.2,73.255877876,59488,100.0,16538,1,16.0,14592.0,6.0,10.5,25.0,11.4,22.5,19.8,33.5,28.3,36.4,72.2,AgeAdjPrv,AgeAdjPrv,AgeAdjPrv,AgeAdjPrv,AgeAdjPrv,AgeAdjPrv,AgeAdjPrv,AgeAdjPrv,AgeAdjPrv,AgeAdjPrv
48291,Liberty,21.511760000000002,4649:1,29.55519,3384:1,28.4336,3517:1,22.579156609,4178.0,20.4,72.77372493,72329,77.370454446,108272,2,21.0,64794.0,6.6,10.5,23.5,13.8,27.9,20.0,35.5,34.8,40.0,71.7,AgeAdjPrv,AgeAdjPrv,AgeAdjPrv,AgeAdjPrv,AgeAdjPrv,AgeAdjPrv,AgeAdjPrv,AgeAdjPrv,AgeAdjPrv,AgeAdjPrv
48293,Limestone,40.689,2458:1,53.932579999999994,1854:1,35.950210000000006,2782:1,19.758934996,3557.0,25.6,72.638252724,53482,69.922333604,22250,4,20.0,8109.0,6.3,10.6,23.8,13.1,25.0,19.7,36.2,31.2,39.9,73.3,AgeAdjPrv,AgeAdjPrv,AgeAdjPrv,AgeAdjPrv,AgeAdjPrv,AgeAdjPrv,AgeAdjPrv,AgeAdjPrv,AgeAdjPrv,AgeAdjPrv
48295,Lipscomb,,,,,0.0,2854:0,21.686746988,1488.0,16.9,76.167092435,67386,100.0,2906,1,15.0,2902.0,6.0,9.8,23.0,12.1,23.4,18.2,32.8,29.2,36.9,71.9,AgeAdjPrv,AgeAdjPrv,AgeAdjPrv,AgeAdjPrv,AgeAdjPrv,AgeAdjPrv,AgeAdjPrv,AgeAdjPrv,AgeAdjPrv,AgeAdjPrv
48297,Live Oak,,,17.26519,5792:1,26.25131,3809:1,21.340574911,1491.0,23.5,76.512319946,59202,100.0,11584,2,21.0,6395.0,6.8,9.7,22.0,14.2,28.0,18.8,36.0,33.7,40.1,71.4,AgeAdjPrv,AgeAdjPrv,AgeAdjPrv,AgeAdjPrv,AgeAdjPrv,AgeAdjPrv,AgeAdjPrv,AgeAdjPrv,AgeAdjPrv,AgeAdjPrv
48299,Llano,68.25007,1465:1,61.20219,1634:1,53.23869,1878:1,19.647017296,2456.0,21.2,76.20528188,71475,50.214188203,22875,1,16.0,6178.0,5.4,10.1,24.6,10.1,19.2,18.2,31.4,24.5,36.7,72.8,AgeAdjPrv,AgeAdjPrv,AgeAdjPrv,AgeAdjPrv,AgeAdjPrv,AgeAdjPrv,AgeAdjPrv,AgeAdjPrv,AgeAdjPrv,AgeAdjPrv
48301,Loving,0.0,57:0,0.0,43:0,0.0,51:0,2.2222222222,,7.7,,86760,100.0,43,1,5.0,54.0,,,,,,,,,,,AgeAdjPrv,AgeAdjPrv,AgeAdjPrv,AgeAdjPrv,AgeAdjPrv,AgeAdjPrv,AgeAdjPrv,AgeAdjPrv,AgeAdjPrv,AgeAdjPrv
48303,Lubbock,78.86761,1268:1,222.15991,450:1,60.77571999999999,1645:1,16.255482559,2415.0,19.9,73.426424368,57883,10.520572111,320940,4,22.0,1832697.0,5.6,9.7,22.4,12.0,21.7,17.7,31.9,28.6,37.1,72.6,AgeAdjPrv,AgeAdjPrv,AgeAdjPrv,AgeAdjPrv,AgeAdjPrv,AgeAdjPrv,AgeAdjPrv,AgeAdjPrv,AgeAdjPrv,AgeAdjPrv
48305,Lynn,105.48523000000002,948:1,52.074290000000005,1920:1,17.4703,5724:1,16.733067729,3848.0,21.4,71.856984599,57338,100.0,5761,2,19.0,1723.0,6.4,9.9,23.5,13.4,26.0,18.9,34.3,31.6,38.5,72.0,AgeAdjPrv,AgeAdjPrv,AgeAdjPrv,AgeAdjPrv,AgeAdjPrv,AgeAdjPrv,AgeAdjPrv,AgeAdjPrv,AgeAdjPrv,AgeAdjPrv
48313,Madison,21.86908,4573:1,21.83088,4581:1,21.960330000000003,4554:1,24.304148448,3882.0,22.5,72.852207345,53301,100.0,13742,1,16.0,2930.0,6.3,10.1,22.1,12.9,25.4,19.0,35.9,31.5,38.0,72.0,AgeAdjPrv,AgeAdjPrv,AgeAdjPrv,AgeAdjPrv,AgeAdjPrv,AgeAdjPrv,AgeAdjPrv,AgeAdjPrv,AgeAdjPrv,AgeAdjPrv
48315,Marion,,,20.89646,4786:1,10.460249999999998,9560:1,16.744321491,2728.0,33.3,71.120878279,47660,100.0,9571,1,14.0,9522.0,6.5,11.3,25.4,12.8,24.5,20.9,36.7,30.0,39.1,73.4,AgeAdjPrv,AgeAdjPrv,AgeAdjPrv,AgeAdjPrv,AgeAdjPrv,AgeAdjPrv,AgeAdjPrv,AgeAdjPrv,AgeAdjPrv,AgeAdjPrv
48317,Martin,19.190170000000002,5211:1,,,19.1681,5217:1,21.090512541,4818.0,15.9,71.540954845,81637,100.0,5216,1,14.0,1205.0,5.4,9.6,22.2,11.5,22.5,18.0,31.5,29.3,35.6,71.4,AgeAdjPrv,AgeAdjPrv,AgeAdjPrv,AgeAdjPrv,AgeAdjPrv,AgeAdjPrv,AgeAdjPrv,AgeAdjPrv,AgeAdjPrv,AgeAdjPrv
48319,Mason,,,76.31645999999999,1310:1,25.11301,3982:1,23.957955781,1771.0,20.8,75.291545231,62435,100.0,3931,1,9.0,354.0,5.2,9.7,23.5,9.9,18.9,17.2,30.3,23.9,34.3,72.4,AgeAdjPrv,AgeAdjPrv,AgeAdjPrv,AgeAdjPrv,AgeAdjPrv,AgeAdjPrv,AgeAdjPrv,AgeAdjPrv,AgeAdjPrv,AgeAdjPrv
48321,Matagorda,35.76932,2796:1,55.00701,1818:1,35.98616,2779:1,21.62088194,4992.0,26.4,73.592700413,58996,46.735622673,36359,2,19.0,13316.0,6.3,10.0,22.7,13.9,26.4,18.6,35.0,32.7,39.5,72.5,AgeAdjPrv,AgeAdjPrv,AgeAdjPrv,AgeAdjPrv,AgeAdjPrv,AgeAdjPrv,AgeAdjPrv,AgeAdjPrv,AgeAdjPrv,AgeAdjPrv
48323,Maverick,24.11465,4147:1,36.356080000000006,2751:1,22.47463,4449:1,26.261350652,3991.0,29.2,72.717515275,46052,6.5714236357,57762,3,19.0,3482.0,6.6,8.9,19.6,18.1,34.9,17.8,35.0,42.2,44.6,71.2,AgeAdjPrv,AgeAdjPrv,AgeAdjPrv,AgeAdjPrv,AgeAdjPrv,AgeAdjPrv,AgeAdjPrv,AgeAdjPrv,AgeAdjPrv,AgeAdjPrv
48307,McCulloch,39.82477,2511:1,26.83843,3726:1,26.67734,3749:1,22.325415253,2192.0,28.0,71.060843222,47814,35.950196592,7452,1,14.0,1643.0,6.0,10.1,24.2,11.9,23.5,19.1,33.0,30.1,36.7,71.9,AgeAdjPrv,AgeAdjPrv,AgeAdjPrv,AgeAdjPrv,AgeAdjPrv,AgeAdjPrv,AgeAdjPrv,AgeAdjPrv,AgeAdjPrv,AgeAdjPrv
48309,McLennan,76.77251,1303:1,214.83117000000001,465:1,55.46478,1803:1,18.525736717,2987.0,20.2,75.316297346,63377,24.021889715,268583,2,11.0,9397.0,5.8,10.4,23.7,12.2,22.5,18.5,33.9,28.1,36.1,73.7,AgeAdjPrv,AgeAdjPrv,AgeAdjPrv,AgeAdjPrv,AgeAdjPrv,AgeAdjPrv,AgeAdjPrv,AgeAdjPrv,AgeAdjPrv,AgeAdjPrv
48311,McMullen,0.0,608:0,176.05634,568:1,0.0,576:0,15.919282511,,18.6,,71112,100.0,568,1,7.0,623.0,6.7,9.7,22.8,14.1,26.6,19.0,35.2,33.2,39.1,71.7,AgeAdjPrv,AgeAdjPrv,AgeAdjPrv,AgeAdjPrv,AgeAdjPrv,AgeAdjPrv,AgeAdjPrv,AgeAdjPrv,AgeAdjPrv,AgeAdjPrv
48325,Medina,28.8567,3465:1,58.39736,1712:1,22.3368,4477:1,16.691148597,2450.0,18.3,76.65849759,70707,84.261448727,54797,1,10.0,4674.0,5.4,9.2,21.2,12.4,22.7,16.9,33.4,29.6,39.6,72.5,AgeAdjPrv,AgeAdjPrv,AgeAdjPrv,AgeAdjPrv,AgeAdjPrv,AgeAdjPrv,AgeAdjPrv,AgeAdjPrv,AgeAdjPrv,AgeAdjPrv
48327,Menard,50.45409,1982:1,,,50.81301,1968:1,25.804038893,1531.0,34.4,74.823710284,45438,100.0,1958,2,21.0,1920.0,5.9,10.0,23.5,12.1,24.3,18.6,32.5,30.0,37.6,71.7,AgeAdjPrv,AgeAdjPrv,AgeAdjPrv,AgeAdjPrv,AgeAdjPrv,AgeAdjPrv,AgeAdjPrv,AgeAdjPrv,AgeAdjPrv,AgeAdjPrv
48329,Midland,38.10227,2625:1,99.93902,1001:1,61.62827,1623:1,18.852856077,2708.0,13.8,75.55080593,94375,13.721372137,177108,2,21.0,24682.0,5.1,9.4,21.0,11.4,20.5,16.8,31.8,27.0,35.8,72.7,AgeAdjPrv,AgeAdjPrv,AgeAdjPrv,AgeAdjPrv,AgeAdjPrv,AgeAdjPrv,AgeAdjPrv,AgeAdjPrv,AgeAdjPrv,AgeAdjPrv
48331,Milam,3.98311,25106:1,23.1205,4325:1,15.60793,6407:1,19.276623573,3797.0,22.5,74.697277951,63456,57.118041529,25951,1,14.0,16004.0,5.9,10.2,23.9,11.9,23.1,19.0,34.1,29.5,37.3,71.8,AgeAdjPrv,AgeAdjPrv,AgeAdjPrv,AgeAdjPrv,AgeAdjPrv,AgeAdjPrv,AgeAdjPrv,AgeAdjPrv,AgeAdjPrv,AgeAdjPrv
48333,Mills,22.32143,4480:1,131.92612,758:1,44.44444,2250:1,21.623335447,2379.0,22.4,75.39069009,56328,100.0,4548,1,13.0,1870.0,5.4,9.9,24.1,9.9,18.9,18.2,30.7,24.3,33.6,72.0,AgeAdjPrv,AgeAdjPrv,AgeAdjPrv,AgeAdjPrv,AgeAdjPrv,AgeAdjPrv,AgeAdjPrv,AgeAdjPrv,AgeAdjPrv,AgeAdjPrv
48335,Mitchell,55.12679,1814:1,,,11.18193,8943:1,16.669703042,2343.0,22.5,73.299886326,53255,35.050055617,9075,1,14.0,1337.0,6.5,9.3,20.9,13.5,26.2,18.2,35.9,32.2,39.1,71.2,AgeAdjPrv,AgeAdjPrv,AgeAdjPrv,AgeAdjPrv,AgeAdjPrv,AgeAdjPrv,AgeAdjPrv,AgeAdjPrv,AgeAdjPrv,AgeAdjPrv
48337,Montague,24.499,4082:1,18.52023,5400:1,28.485970000000002,3511:1,20.936050769,3128.0,17.5,71.699490065,60336,72.857500626,21598,1,8.0,1207.0,5.8,10.5,25.9,10.5,20.9,19.8,32.2,26.6,35.0,71.5,AgeAdjPrv,AgeAdjPrv,AgeAdjPrv,AgeAdjPrv,AgeAdjPrv,AgeAdjPrv,AgeAdjPrv,AgeAdjPrv,AgeAdjPrv,AgeAdjPrv
48339,Montgomery,63.18521,1583:1,128.76852,777:1,50.84821,1967:1,15.476614542,3315.0,13.5,78.218318321,92578,22.876235206,711354,2,21.0,0.0,5.0,9.5,21.7,10.4,17.8,16.8,30.1,23.1,31.4,72.8,AgeAdjPrv,AgeAdjPrv,AgeAdjPrv,AgeAdjPrv,AgeAdjPrv,AgeAdjPrv,AgeAdjPrv,AgeAdjPrv,AgeAdjPrv,AgeAdjPrv
48341,Moore,33.14708,3017:1,37.75366,2649:1,33.33968,2999:1,26.122471356,2818.0,20.7,74.811688435,64003,31.458938103,21190,1,17.0,7756.0,6.5,9.4,21.2,14.7,29.0,18.4,34.4,36.0,39.1,71.2,AgeAdjPrv,AgeAdjPrv,AgeAdjPrv,AgeAdjPrv,AgeAdjPrv,AgeAdjPrv,AgeAdjPrv,AgeAdjPrv,AgeAdjPrv,AgeAdjPrv
48343,Morris,24.937659999999997,4010:1,33.150999999999996,3017:1,41.380449999999996,2417:1,16.707880873,3630.0,30.5,71.343691867,51598,100.0,12066,1,13.0,5469.0,6.1,11.2,24.9,12.5,23.6,20.4,36.1,29.7,39.1,73.8,AgeAdjPrv,AgeAdjPrv,AgeAdjPrv,AgeAdjPrv,AgeAdjPrv,AgeAdjPrv,AgeAdjPrv,AgeAdjPrv,AgeAdjPrv,AgeAdjPrv
48345,Motley,0.0,1067:0,,,0.0,1032:0,16.459197787,,28.4,,48952,100.0,1020,1,9.0,1267.0,5.7,10.2,24.5,10.5,20.8,19.0,32.2,26.3,35.8,71.9,AgeAdjPrv,AgeAdjPrv,AgeAdjPrv,AgeAdjPrv,AgeAdjPrv,AgeAdjPrv,AgeAdjPrv,AgeAdjPrv,AgeAdjPrv,AgeAdjPrv
48347,Nacogdoches,71.13255,1406:1,154.49331,647:1,58.585919999999994,1707:1,19.161092531,3250.0,24.5,73.540208245,52516,47.826086957,65375,2,19.0,13563.0,6.4,10.9,24.4,13.0,24.7,19.8,35.1,30.5,35.4,73.0,AgeAdjPrv,AgeAdjPrv,AgeAdjPrv,AgeAdjPrv,AgeAdjPrv,AgeAdjPrv,AgeAdjPrv,AgeAdjPrv,AgeAdjPrv,AgeAdjPrv
48349,Navarro,27.98977,3573:1,75.49205,1325:1,36.6059,2732:1,18.708627974,3597.0,21.6,73.762759573,59659,53.671328671,55635,2,14.0,11776.0,6.4,10.6,23.9,13.5,25.9,19.7,35.2,32.3,38.5,72.7,AgeAdjPrv,AgeAdjPrv,AgeAdjPrv,AgeAdjPrv,AgeAdjPrv,AgeAdjPrv,AgeAdjPrv,AgeAdjPrv,AgeAdjPrv,AgeAdjPrv
48351,Newton,8.16927,12241:1,24.919010000000004,4013:1,,,20.439392283,4112.0,26.9,71.774971825,51302,100.0,12039,1,18.0,10606.0,7.4,11.6,26.8,14.1,28.7,22.8,38.4,34.6,42.6,72.6,AgeAdjPrv,AgeAdjPrv,AgeAdjPrv,AgeAdjPrv,AgeAdjPrv,AgeAdjPrv,AgeAdjPrv,AgeAdjPrv,AgeAdjPrv,AgeAdjPrv
48353,Nolan,47.95506,2085:1,90.87096000000001,1100:1,55.27534000000001,1809:1,18.932918933,4057.0,27.7,73.480651442,53370,29.624100963,14306,1,15.0,3565.0,6.8,10.2,24.0,14.0,27.8,19.8,35.7,34.5,40.8,71.7,AgeAdjPrv,AgeAdjPrv,AgeAdjPrv,AgeAdjPrv,AgeAdjPrv,AgeAdjPrv,AgeAdjPrv,AgeAdjPrv,AgeAdjPrv,AgeAdjPrv
48355,Nueces,79.01914000000001,1266:1,164.06984,609:1,58.29261999999999,1715:1,19.423869449,2836.0,24.7,74.563415034,63669,6.2770047964,352289,3,14.0,18098.0,5.7,9.3,20.4,14.5,26.1,17.0,34.0,31.3,40.0,72.9,AgeAdjPrv,AgeAdjPrv,AgeAdjPrv,AgeAdjPrv,AgeAdjPrv,AgeAdjPrv,AgeAdjPrv,AgeAdjPrv,AgeAdjPrv,AgeAdjPrv
48357,Ochiltree,40.89143,2446:1,20.61006,4852:1,41.64064,2402:1,28.089210368,4479.0,15.4,73.922587315,71770,16.215676485,9704,1,17.0,3322.0,6.3,9.5,22.2,13.5,26.6,18.2,33.9,33.5,39.6,71.5,AgeAdjPrv,AgeAdjPrv,AgeAdjPrv,AgeAdjPrv,AgeAdjPrv,AgeAdjPrv,AgeAdjPrv,AgeAdjPrv,AgeAdjPrv,AgeAdjPrv
48359,Oldham,0.0,1717:0,280.42625,357:1,0.0,1752:0,15.581395349,,27.4,76.35665697,68640,100.0,1783,1,12.0,1704.0,5.8,10.2,25.0,11.3,21.3,19.0,32.3,27.4,35.3,72.6,AgeAdjPrv,AgeAdjPrv,AgeAdjPrv,AgeAdjPrv,AgeAdjPrv,AgeAdjPrv,AgeAdjPrv,AgeAdjPrv,AgeAdjPrv,AgeAdjPrv
48361,Orange,16.52073,6053:1,37.32997,2679:1,32.96677,3033:1,14.639029893,2825.0,19.3,71.899565011,66029,36.068531271,85722,1,16.0,61018.0,5.8,10.6,25.6,10.9,20.9,19.8,33.5,26.7,38.2,72.7,AgeAdjPrv,AgeAdjPrv,AgeAdjPrv,AgeAdjPrv,AgeAdjPrv,AgeAdjPrv,AgeAdjPrv,AgeAdjPrv,AgeAdjPrv,AgeAdjPrv
48363,Palo Pinto,48.80429,2049:1,26.89347,3718:1,34.2009,2924:1,20.700829589,2804.0,26.4,73.152970477,55417,50.378401211,29747,1,16.0,9513.0,6.1,10.4,25.1,11.6,23.2,19.9,33.0,29.2,39.4,71.6,AgeAdjPrv,AgeAdjPrv,AgeAdjPrv,AgeAdjPrv,AgeAdjPrv,AgeAdjPrv,AgeAdjPrv,AgeAdjPrv,AgeAdjPrv,AgeAdjPrv
48365,Panola,22.050720000000002,4535:1,26.272,3806:1,26.45853,3780:1,18.200684278,3689.0,18.7,71.1710643,63482,71.864301276,22838,1,13.0,11686.0,5.8,10.8,24.7,11.3,21.5,19.6,34.0,27.3,37.5,73.2,AgeAdjPrv,AgeAdjPrv,AgeAdjPrv,AgeAdjPrv,AgeAdjPrv,AgeAdjPrv,AgeAdjPrv,AgeAdjPrv,AgeAdjPrv,AgeAdjPrv
48367,Parker,38.27409,2613:1,72.62499,1377:1,34.37172,2909:1,15.68481108,2493.0,9.3,76.894999265,98121,64.348072486,173494,1,14.0,0.0,5.1,10.0,24.7,9.2,17.3,17.8,30.4,22.6,35.0,73.0,AgeAdjPrv,AgeAdjPrv,AgeAdjPrv,AgeAdjPrv,AgeAdjPrv,AgeAdjPrv,AgeAdjPrv,AgeAdjPrv,AgeAdjPrv,AgeAdjPrv
48369,Parmer,10.19056,9813:1,10.39825,9617:1,10.39501,9620:1,24.350729656,2629.0,17.3,75.666256937,62913,100.0,9617,1,14.0,9659.0,5.9,9.1,20.5,13.5,26.5,17.3,32.3,33.2,37.4,70.9,AgeAdjPrv,AgeAdjPrv,AgeAdjPrv,AgeAdjPrv,AgeAdjPrv,AgeAdjPrv,AgeAdjPrv,AgeAdjPrv,AgeAdjPrv,AgeAdjPrv
48371,Pecos,46.30242,2160:1,27.35417,3656:1,27.14625,3684:1,22.4454068,1317.0,24.0,72.494175611,58265,43.717501481,14623,4,22.0,4111.0,6.7,8.7,19.6,16.0,30.4,17.5,35.5,37.3,39.9,70.6,AgeAdjPrv,AgeAdjPrv,AgeAdjPrv,AgeAdjPrv,AgeAdjPrv,AgeAdjPrv,AgeAdjPrv,AgeAdjPrv,AgeAdjPrv,AgeAdjPrv
48373,Polk,48.17048,2076:1,64.59232999999999,1548:1,41.31068,2421:1,18.97228199,1761.0,30.0,70.110499109,57009,88.843445125,54186,2,20.0,15373.0,6.5,10.6,25.4,12.5,25.0,20.2,35.3,31.1,38.3,71.7,AgeAdjPrv,AgeAdjPrv,AgeAdjPrv,AgeAdjPrv,AgeAdjPrv,AgeAdjPrv,AgeAdjPrv,AgeAdjPrv,AgeAdjPrv,AgeAdjPrv
48375,Potter,87.51834,1143:1,306.15716000000003,327:1,61.39479,1629:1,22.888536304,2926.0,22.8,70.816868542,51177,11.264290234,114647,2,10.0,263025.0,6.7,10.1,23.1,14.4,28.2,19.5,36.3,34.6,42.0,72.1,AgeAdjPrv,AgeAdjPrv,AgeAdjPrv,AgeAdjPrv,AgeAdjPrv,AgeAdjPrv,AgeAdjPrv,AgeAdjPrv,AgeAdjPrv,AgeAdjPrv
48377,Presidio,48.859930000000006,2047:1,86.28128,1159:1,,,33.543733093,1950.0,35.2,81.259029496,42699,100.0,5795,1,16.0,3188.0,7.2,9.2,20.6,17.8,34.4,18.3,35.9,41.0,42.5,71.3,AgeAdjPrv,AgeAdjPrv,AgeAdjPrv,AgeAdjPrv,AgeAdjPrv,AgeAdjPrv,AgeAdjPrv,AgeAdjPrv,AgeAdjPrv,AgeAdjPrv
48379,Rains,7.9942400000000005,12509:1,53.904199999999996,1855:1,15.596969999999999,6412:1,21.657977059,3285.0,20.8,75.296977363,63796,100.0,12986,1,12.0,8924.0,5.6,10.3,25.2,10.3,19.7,19.1,32.0,25.3,35.6,72.5,AgeAdjPrv,AgeAdjPrv,AgeAdjPrv,AgeAdjPrv,AgeAdjPrv,AgeAdjPrv,AgeAdjPrv,AgeAdjPrv,AgeAdjPrv,AgeAdjPrv
48381,Randall,54.91679,1821:1,132.20465000000002,756:1,60.90051,1642:1,12.963741418,2759.0,10.7,76.346804678,81705,16.977258034,148255,2,14.0,250951.0,5.1,9.8,23.8,10.0,18.3,17.6,31.1,23.2,35.4,73.1,AgeAdjPrv,AgeAdjPrv,AgeAdjPrv,AgeAdjPrv,AgeAdjPrv,AgeAdjPrv,AgeAdjPrv,AgeAdjPrv,AgeAdjPrv,AgeAdjPrv
48383,Reagan,30.740850000000002,3253:1,,,0.0,3135:0,20.934444042,1127.0,14.4,73.927034995,72585,100.0,3141,1,12.0,444.0,5.7,8.6,19.6,13.7,25.0,16.7,33.1,32.9,38.7,71.5,AgeAdjPrv,AgeAdjPrv,AgeAdjPrv,AgeAdjPrv,AgeAdjPrv,AgeAdjPrv,AgeAdjPrv,AgeAdjPrv,AgeAdjPrv,AgeAdjPrv
48385,Real,70.77140999999999,1413:1,35.038540000000005,2854:1,70.42254,1420:1,20.65945389,2210.0,34.2,71.206601359,49014,100.0,2854,1,18.0,2542.0,6.4,10.4,25.0,12.6,25.2,19.8,34.3,31.5,38.4,72.2,AgeAdjPrv,AgeAdjPrv,AgeAdjPrv,AgeAdjPrv,AgeAdjPrv,AgeAdjPrv,AgeAdjPrv,AgeAdjPrv,AgeAdjPrv,AgeAdjPrv
48387,Red River,25.96279,3852:1,34.25244,2920:1,25.99203,3847:1,19.105595879,4140.0,27.1,68.181879328,49265,100.0,11678,1,18.0,8283.0,6.5,11.2,25.8,12.5,24.3,20.9,36.1,29.8,38.7,73.1,AgeAdjPrv,AgeAdjPrv,AgeAdjPrv,AgeAdjPrv,AgeAdjPrv,AgeAdjPrv,AgeAdjPrv,AgeAdjPrv,AgeAdjPrv,AgeAdjPrv
48389,Reeves,34.5137,2897:1,,,15.49787,6453:1,21.997929607,3494.0,23.6,73.616859873,57179,11.303227556,11770,2,19.0,3045.0,6.8,8.7,19.5,17.5,33.8,17.9,35.5,41.6,41.0,70.0,AgeAdjPrv,AgeAdjPrv,AgeAdjPrv,AgeAdjPrv,AgeAdjPrv,AgeAdjPrv,AgeAdjPrv,AgeAdjPrv,AgeAdjPrv,AgeAdjPrv
48391,Refugio,14.801659999999998,6756:1,,,30.15682,3316:1,18.538114834,3972.0,26.4,73.381851564,52641,100.0,6666,1,13.0,3036.0,6.2,9.7,22.2,14.0,27.1,18.7,34.3,34.0,40.1,71.9,AgeAdjPrv,AgeAdjPrv,AgeAdjPrv,AgeAdjPrv,AgeAdjPrv,AgeAdjPrv,AgeAdjPrv,AgeAdjPrv,AgeAdjPrv,AgeAdjPrv
48393,Roberts,0.0,797:0,0.0,840:0,0.0,803:0,12.33974359,,11.3,,76634,100.0,840,1,7.0,778.0,4.8,9.9,24.6,8.9,16.2,18.1,29.6,21.9,33.8,72.2,AgeAdjPrv,AgeAdjPrv,AgeAdjPrv,AgeAdjPrv,AgeAdjPrv,AgeAdjPrv,AgeAdjPrv,AgeAdjPrv,AgeAdjPrv,AgeAdjPrv
48395,Robertson,11.79384,8479:1,23.16558,4317:1,5.82988,17153:1,17.39552964,4167.0,25.2,74.183443629,60078,100.0,17267,2,16.0,15024.0,5.9,10.6,23.4,12.3,23.7,19.4,34.6,29.7,38.0,73.2,AgeAdjPrv,AgeAdjPrv,AgeAdjPrv,AgeAdjPrv,AgeAdjPrv,AgeAdjPrv,AgeAdjPrv,AgeAdjPrv,AgeAdjPrv,AgeAdjPrv
48397,Rockwall,66.162,1511:1,186.58564,536:1,69.80066000000001,1433:1,11.167668286,2627.0,6.5,79.064153263,118175,13.735983454,131307,0,,0.0,4.4,9.6,22.0,8.7,14.8,15.9,29.1,20.1,34.4,73.7,AgeAdjPrv,AgeAdjPrv,AgeAdjPrv,AgeAdjPrv,AgeAdjPrv,AgeAdjPrv,AgeAdjPrv,AgeAdjPrv,AgeAdjPrv,AgeAdjPrv
48399,Runnels,70.40129,1420:1,50.66883,1974:1,20.28603,4930:1,20.72572314,5346.0,23.3,72.750394361,61643,100.0,9868,1,15.0,1000.0,5.8,9.7,23.1,11.8,22.7,18.4,32.3,29.4,36.1,71.7,AgeAdjPrv,AgeAdjPrv,AgeAdjPrv,AgeAdjPrv,AgeAdjPrv,AgeAdjPrv,AgeAdjPrv,AgeAdjPrv,AgeAdjPrv,AgeAdjPrv
48401,Rusk,22.75183,4395:1,30.14375,3317:1,33.750209999999996,2963:1,18.993506494,4153.0,17.1,73.641096741,65812,64.074769219,53079,2,17.0,12283.0,6.1,10.4,23.2,12.2,23.2,19.2,35.7,29.0,37.5,72.6,AgeAdjPrv,AgeAdjPrv,AgeAdjPrv,AgeAdjPrv,AgeAdjPrv,AgeAdjPrv,AgeAdjPrv,AgeAdjPrv,AgeAdjPrv,AgeAdjPrv
48403,Sabine,19.9223,5020:1,29.68534,3369:1,29.856689999999997,3349:1,19.287663363,2889.0,30.4,70.348215199,58723,100.0,10106,1,16.0,5671.0,6.2,11.0,26.2,11.1,22.1,20.4,34.1,27.2,35.8,72.4,AgeAdjPrv,AgeAdjPrv,AgeAdjPrv,AgeAdjPrv,AgeAdjPrv,AgeAdjPrv,AgeAdjPrv,AgeAdjPrv,AgeAdjPrv,AgeAdjPrv
48405,San Augustine,25.24615,3961:1,25.533,3917:1,50.91002,1964:1,19.610274579,3577.0,31.8,70.621715506,50908,100.0,7833,1,12.0,1649.0,7.7,11.8,26.7,15.2,30.6,22.7,40.0,36.0,43.9,73.1,AgeAdjPrv,AgeAdjPrv,AgeAdjPrv,AgeAdjPrv,AgeAdjPrv,AgeAdjPrv,AgeAdjPrv,AgeAdjPrv,AgeAdjPrv,AgeAdjPrv
48407,San Jacinto,7.17412,13939:1,17.279510000000002,5787:1,3.52759,28348:1,20.166782488,4205.0,25.5,73.590584793,66009,100.0,28936,1,17.0,25024.0,6.4,10.7,25.4,12.7,25.1,20.4,35.6,30.5,39.1,72.5,AgeAdjPrv,AgeAdjPrv,AgeAdjPrv,AgeAdjPrv,AgeAdjPrv,AgeAdjPrv,AgeAdjPrv,AgeAdjPrv,AgeAdjPrv,AgeAdjPrv
48409,San Patricio,22.955849999999998,4356:1,49.53297,2019:1,40.0263,2498:1,18.918367694,2669.0,25.6,73.152759822,61411,27.832157661,70660,1,18.0,22363.0,6.0,9.6,21.1,13.9,26.7,18.1,35.5,34.0,41.3,71.3,AgeAdjPrv,AgeAdjPrv,AgeAdjPrv,AgeAdjPrv,AgeAdjPrv,AgeAdjPrv,AgeAdjPrv,AgeAdjPrv,AgeAdjPrv,AgeAdjPrv
48411,San Saba,34.32298,2914:1,34.21728,2923:1,17.17033,5824:1,27.230411171,2559.0,25.9,74.74117245,52325,100.0,5845,1,15.0,5205.0,6.2,9.7,22.9,12.0,24.1,18.6,33.6,29.8,37.0,71.3,AgeAdjPrv,AgeAdjPrv,AgeAdjPrv,AgeAdjPrv,AgeAdjPrv,AgeAdjPrv,AgeAdjPrv,AgeAdjPrv,AgeAdjPrv,AgeAdjPrv
48413,Schleicher,,,83.64701,1196:1,0.0,2357:0,23.118865867,1451.0,22.2,78.927836803,60063,100.0,2391,1,17.0,2411.0,5.5,9.2,21.4,11.9,22.9,17.1,31.2,29.1,36.4,71.6,AgeAdjPrv,AgeAdjPrv,AgeAdjPrv,AgeAdjPrv,AgeAdjPrv,AgeAdjPrv,AgeAdjPrv,AgeAdjPrv,AgeAdjPrv,AgeAdjPrv
48415,Scurry,59.4389,1682:1,55.514430000000004,1801:1,53.93743,1854:1,20.874813828,2670.0,21.3,72.882027211,69881,31.80368533,16212,1,15.0,3011.0,5.9,9.6,22.5,12.4,23.7,18.1,33.0,30.5,38.6,72.1,AgeAdjPrv,AgeAdjPrv,AgeAdjPrv,AgeAdjPrv,AgeAdjPrv,AgeAdjPrv,AgeAdjPrv,AgeAdjPrv,AgeAdjPrv,AgeAdjPrv
48417,Shackelford,31.13325,3212:1,30.969340000000003,3229:1,0.0,3186:0,20.517928287,2332.0,18.9,75.569028054,68681,100.0,3229,2,19.0,3134.0,5.2,10.0,24.6,9.5,17.5,17.9,30.5,22.5,33.8,72.8,AgeAdjPrv,AgeAdjPrv,AgeAdjPrv,AgeAdjPrv,AgeAdjPrv,AgeAdjPrv,AgeAdjPrv,AgeAdjPrv,AgeAdjPrv,AgeAdjPrv
48419,Shelby,16.709139999999998,5985:1,78.58059,1273:1,29.15695,3430:1,22.434441462,4473.0,24.0,71.275456239,54359,78.673715761,24179,2,21.0,20190.0,6.8,11.0,24.8,13.7,27.4,20.8,37.2,33.8,41.3,73.2,AgeAdjPrv,AgeAdjPrv,AgeAdjPrv,AgeAdjPrv,AgeAdjPrv,AgeAdjPrv,AgeAdjPrv,AgeAdjPrv,AgeAdjPrv,AgeAdjPrv
48421,Sherman,,,,,0.0,2799:0,27.338744126,3023.0,17.5,77.685065876,66202,100.0,2678,1,13.0,2400.0,5.4,9.3,21.6,11.2,21.6,17.0,30.8,27.7,35.7,71.5,AgeAdjPrv,AgeAdjPrv,AgeAdjPrv,AgeAdjPrv,AgeAdjPrv,AgeAdjPrv,AgeAdjPrv,AgeAdjPrv,AgeAdjPrv,AgeAdjPrv
48423,Smith,98.65675,1014:1,185.14818,540:1,64.48359,1551:1,18.568299227,3323.0,17.1,75.422748073,71348,34.924768395,245209,2,14.0,25291.0,5.5,10.5,23.9,11.7,20.6,18.5,33.4,26.4,37.9,73.9,AgeAdjPrv,AgeAdjPrv,AgeAdjPrv,AgeAdjPrv,AgeAdjPrv,AgeAdjPrv,AgeAdjPrv,AgeAdjPrv,AgeAdjPrv,AgeAdjPrv
48425,Somervell,73.92544,1353:1,50.56634,1978:1,40.996210000000005,2439:1,16.393652419,2041.0,12.7,76.704146105,78913,100.0,9888,0,,0.0,5.2,9.9,24.3,9.8,18.4,18.1,30.7,24.2,33.9,72.3,AgeAdjPrv,AgeAdjPrv,AgeAdjPrv,AgeAdjPrv,AgeAdjPrv,AgeAdjPrv,AgeAdjPrv,AgeAdjPrv,AgeAdjPrv,AgeAdjPrv
48427,Starr,25.73847,3885:1,31.850029999999997,3140:1,15.214220000000001,6573:1,24.997810743,4460.0,37.0,73.93294329,38824,28.59526699,65934,1,20.0,48015.0,7.8,9.3,21.0,20.5,40.8,19.2,37.5,47.6,45.8,70.7,AgeAdjPrv,AgeAdjPrv,AgeAdjPrv,AgeAdjPrv,AgeAdjPrv,AgeAdjPrv,AgeAdjPrv,AgeAdjPrv,AgeAdjPrv,AgeAdjPrv
48429,Stephens,32.70468,3058:1,64.2192,1557:1,31.94888,3130:1,20.74695122,3628.0,26.1,73.741612122,59099,40.0615317,9343,1,17.0,2602.0,6.1,9.9,23.6,11.8,23.2,18.9,33.5,28.9,37.0,71.5,AgeAdjPrv,AgeAdjPrv,AgeAdjPrv,AgeAdjPrv,AgeAdjPrv,AgeAdjPrv,AgeAdjPrv,AgeAdjPrv,AgeAdjPrv,AgeAdjPrv
48431,Sterling,0.0,1381:0,,,0.0,1417:0,14.168039539,3145.0,14.6,,80859,100.0,1397,1,13.0,1355.0,4.5,9.3,21.9,9.4,17.1,16.7,28.7,23.2,33.2,71.8,AgeAdjPrv,AgeAdjPrv,AgeAdjPrv,AgeAdjPrv,AgeAdjPrv,AgeAdjPrv,AgeAdjPrv,AgeAdjPrv,AgeAdjPrv,AgeAdjPrv
48433,Stonewall,82.16927,1217:1,164.20361,609:1,0.0,1182:0,16.357308585,2839.0,22.4,,56413,100.0,1218,2,16.0,432.0,5.9,10.2,24.4,11.5,22.7,19.4,33.1,29.1,36.7,71.9,AgeAdjPrv,AgeAdjPrv,AgeAdjPrv,AgeAdjPrv,AgeAdjPrv,AgeAdjPrv,AgeAdjPrv,AgeAdjPrv,AgeAdjPrv,AgeAdjPrv
48435,Sutton,120.51823,830:1,,,62.16972,1609:1,21.31661442,4157.0,18.8,74.13947649,63893,100.0,3221,1,13.0,1538.0,6.1,9.2,21.2,14.0,27.1,17.8,33.1,34.1,38.6,71.2,AgeAdjPrv,AgeAdjPrv,AgeAdjPrv,AgeAdjPrv,AgeAdjPrv,AgeAdjPrv,AgeAdjPrv,AgeAdjPrv,AgeAdjPrv,AgeAdjPrv
48437,Swisher,14.269409999999999,7008:1,,,14.53277,6881:1,28.055993691,1434.0,28.0,70.302928349,52350,100.0,6955,1,18.0,3502.0,7.2,9.8,22.3,15.5,30.2,19.2,37.5,36.5,41.4,71.9,AgeAdjPrv,AgeAdjPrv,AgeAdjPrv,AgeAdjPrv,AgeAdjPrv,AgeAdjPrv,AgeAdjPrv,AgeAdjPrv,AgeAdjPrv,AgeAdjPrv
48439,Tarrant,58.26538,1716:1,196.34009,509:1,63.724270000000004,1569:1,18.163880326,3447.0,14.2,76.987789689,80083,1.2281582837,2182947,4,21.0,2374824.0,5.1,10.0,22.6,11.4,20.7,17.5,31.1,27.8,33.1,72.5,AgeAdjPrv,AgeAdjPrv,AgeAdjPrv,AgeAdjPrv,AgeAdjPrv,AgeAdjPrv,AgeAdjPrv,AgeAdjPrv,AgeAdjPrv,AgeAdjPrv
48441,Taylor,66.98017,1493:1,232.91291,429:1,88.17674,1134:1,18.6667563,3551.0,15.3,73.483957951,62128,17.506005251,146836,1,15.0,26821.0,5.5,10.0,23.4,11.3,20.5,18.3,33.0,26.5,35.7,72.9,AgeAdjPrv,AgeAdjPrv,AgeAdjPrv,AgeAdjPrv,AgeAdjPrv,AgeAdjPrv,AgeAdjPrv,AgeAdjPrv,AgeAdjPrv,AgeAdjPrv
48443,Terrell,0.0,724:0,0.0,687:0,0.0,693:0,19.130434783,,21.5,,47947,100.0,687,1,7.0,851.0,4.6,8.7,20.3,10.4,17.6,15.5,29.4,23.8,34.3,72.3,AgeAdjPrv,AgeAdjPrv,AgeAdjPrv,AgeAdjPrv,AgeAdjPrv,AgeAdjPrv,AgeAdjPrv,AgeAdjPrv,AgeAdjPrv,AgeAdjPrv
48445,Terry,34.030969999999996,2939:1,8.66026,11547:1,51.871700000000004,1928:1,23.591665748,4327.0,29.4,70.843939573,44361,30.149606965,11547,1,18.0,4812.0,6.8,9.7,22.2,15.1,30.3,19.1,35.5,36.8,41.2,71.2,AgeAdjPrv,AgeAdjPrv,AgeAdjPrv,AgeAdjPrv,AgeAdjPrv,AgeAdjPrv,AgeAdjPrv,AgeAdjPrv,AgeAdjPrv,AgeAdjPrv
48447,Throckmorton,66.88963,1495:1,65.5308,1526:1,0.0,1550:0,19.357638889,3760.0,20.9,,51546,100.0,1526,1,7.0,573.0,6.0,10.3,25.6,11.0,21.0,19.5,33.2,26.9,36.3,72.4,AgeAdjPrv,AgeAdjPrv,AgeAdjPrv,AgeAdjPrv,AgeAdjPrv,AgeAdjPrv,AgeAdjPrv,AgeAdjPrv,AgeAdjPrv,AgeAdjPrv
48449,Titus,41.68938,2399:1,92.48334,1081:1,67.29044,1486:1,24.176034259,2513.0,20.2,74.520283758,57559,50.654462828,31357,2,15.0,3696.0,6.5,10.2,22.9,14.0,27.9,19.4,35.1,34.5,38.8,72.3,AgeAdjPrv,AgeAdjPrv,AgeAdjPrv,AgeAdjPrv,AgeAdjPrv,AgeAdjPrv,AgeAdjPrv,AgeAdjPrv,AgeAdjPrv,AgeAdjPrv
48451,Tom Green,72.02017,1389:1,215.86299,463:1,64.76465999999999,1544:1,18.064583225,3974.0,17.1,74.908459923,60379,16.683749573,119057,2,16.0,13446.0,5.6,9.6,23.4,11.9,22.0,17.9,32.7,28.6,37.5,72.6,AgeAdjPrv,AgeAdjPrv,AgeAdjPrv,AgeAdjPrv,AgeAdjPrv,AgeAdjPrv,AgeAdjPrv,AgeAdjPrv,AgeAdjPrv,AgeAdjPrv
48453,Travis,83.74491,1194:1,403.15785,248:1,76.14389,1313:1,12.790547809,2306.0,12.0,80.372919943,97544,5.1106505409,1334961,2,19.0,0.0,4.6,9.1,21.6,9.5,16.1,15.5,28.0,20.3,30.1,73.7,AgeAdjPrv,AgeAdjPrv,AgeAdjPrv,AgeAdjPrv,AgeAdjPrv,AgeAdjPrv,AgeAdjPrv,AgeAdjPrv,AgeAdjPrv,AgeAdjPrv
48455,Trinity,14.46445,6914:1,42.170370000000005,2371:1,7.1449,13996:1,17.567038559,4243.0,28.6,72.088702401,49277,100.0,14228,1,17.0,10118.0,6.2,10.9,25.9,11.8,23.1,20.5,34.6,29.1,37.8,72.5,AgeAdjPrv,AgeAdjPrv,AgeAdjPrv,AgeAdjPrv,AgeAdjPrv,AgeAdjPrv,AgeAdjPrv,AgeAdjPrv,AgeAdjPrv,AgeAdjPrv
48457,Tyler,24.90412,4015:1,34.344030000000004,2912:1,9.98502,10015:1,19.147366868,3281.0,23.8,71.637269673,54438,100.0,20382,1,14.0,10861.0,6.8,10.8,25.3,12.7,26.0,20.8,37.0,31.6,39.4,72.1,AgeAdjPrv,AgeAdjPrv,AgeAdjPrv,AgeAdjPrv,AgeAdjPrv,AgeAdjPrv,AgeAdjPrv,AgeAdjPrv,AgeAdjPrv,AgeAdjPrv
48459,Upshur,21.5445,4642:1,46.20965,2164:1,14.12163,7081:1,17.476152971,2931.0,18.6,73.364765688,61533,80.690599628,43281,1,16.0,12291.0,6.1,10.8,26.0,11.4,22.3,20.4,33.7,28.2,37.3,72.4,AgeAdjPrv,AgeAdjPrv,AgeAdjPrv,AgeAdjPrv,AgeAdjPrv,AgeAdjPrv,AgeAdjPrv,AgeAdjPrv,AgeAdjPrv,AgeAdjPrv
48461,Upton,,,,,0.0,3152:0,19.651162791,2138.0,21.5,74.858690425,59047,100.0,3109,2,16.0,2461.0,6.6,9.8,22.6,14.8,29.2,19.3,34.9,36.3,41.2,71.1,AgeAdjPrv,AgeAdjPrv,AgeAdjPrv,AgeAdjPrv,AgeAdjPrv,AgeAdjPrv,AgeAdjPrv,AgeAdjPrv,AgeAdjPrv,AgeAdjPrv
48463,Uvalde,32.35068,3091:1,84.13462,1189:1,36.08661,2771:1,22.924250736,2662.0,32.4,72.078869588,49006,35.165282527,24960,2,19.0,5547.0,6.1,9.2,21.0,14.6,27.7,17.5,33.7,34.1,41.0,71.8,AgeAdjPrv,AgeAdjPrv,AgeAdjPrv,AgeAdjPrv,AgeAdjPrv,AgeAdjPrv,AgeAdjPrv,AgeAdjPrv,AgeAdjPrv,AgeAdjPrv
48465,Val Verde,33.63889,2973:1,64.96228,1539:1,29.40806,3400:1,21.448739668,2572.0,30.1,74.883973891,56619,10.30975497,47720,2,14.0,14504.0,6.2,8.8,19.4,15.7,29.8,17.1,33.3,36.7,38.8,70.8,AgeAdjPrv,AgeAdjPrv,AgeAdjPrv,AgeAdjPrv,AgeAdjPrv,AgeAdjPrv,AgeAdjPrv,AgeAdjPrv,AgeAdjPrv,AgeAdjPrv
48467,Van Zandt,8.15993,12255:1,40.625,2462:1,20.68121,4835:1,19.235163249,3111.0,16.8,73.838664901,66356,100.0,64000,1,16.0,19533.0,5.8,10.5,26.1,10.7,21.0,19.8,32.9,27.0,35.9,72.2,AgeAdjPrv,AgeAdjPrv,AgeAdjPrv,AgeAdjPrv,AgeAdjPrv,AgeAdjPrv,AgeAdjPrv,AgeAdjPrv,AgeAdjPrv,AgeAdjPrv
48469,Victoria,72.55618,1378:1,178.9143,559:1,59.298300000000005,1686:1,19.129092861,4138.0,20.0,74.731759515,69442,27.741214862,91664,1,9.0,3788.0,5.8,9.7,22.1,12.9,24.3,18.2,32.4,30.9,37.6,71.8,AgeAdjPrv,AgeAdjPrv,AgeAdjPrv,AgeAdjPrv,AgeAdjPrv,AgeAdjPrv,AgeAdjPrv,AgeAdjPrv,AgeAdjPrv,AgeAdjPrv
48471,Walker,26.93102,3713:1,62.75533,1593:1,38.03728,2629:1,18.622626809,3500.0,22.6,76.562462605,56863,43.17408377,81268,1,18.0,22204.0,6.6,10.0,22.3,13.8,24.9,19.0,37.7,30.5,40.6,72.8,AgeAdjPrv,AgeAdjPrv,AgeAdjPrv,AgeAdjPrv,AgeAdjPrv,AgeAdjPrv,AgeAdjPrv,AgeAdjPrv,AgeAdjPrv,AgeAdjPrv
48473,Waller,11.70941,8540:1,31.469799999999996,3178:1,14.540989999999999,6877:1,18.260959685,3103.0,18.5,75.929083195,77209,77.360284537,63553,1,14.0,17230.0,5.6,10.0,21.4,12.2,22.4,18.0,33.7,28.3,38.6,73.7,AgeAdjPrv,AgeAdjPrv,AgeAdjPrv,AgeAdjPrv,AgeAdjPrv,AgeAdjPrv,AgeAdjPrv,AgeAdjPrv,AgeAdjPrv,AgeAdjPrv
48475,Ward,8.933359999999999,11194:1,18.23819,5483:1,,,23.329062567,3752.0,18.7,72.332704425,65610,21.315699072,10966,2,18.0,7980.0,5.9,9.4,21.5,13.5,26.1,18.2,33.3,33.6,37.8,71.5,AgeAdjPrv,AgeAdjPrv,AgeAdjPrv,AgeAdjPrv,AgeAdjPrv,AgeAdjPrv,AgeAdjPrv,AgeAdjPrv,AgeAdjPrv,AgeAdjPrv
48477,Washington,61.296699999999994,1631:1,89.17232,1121:1,49.78014,2009:1,16.307010381,2429.0,20.3,76.887188162,67927,51.417399804,37007,0,,0.0,5.2,10.2,23.0,10.7,19.3,18.0,32.9,25.2,37.0,74.0,AgeAdjPrv,AgeAdjPrv,AgeAdjPrv,AgeAdjPrv,AgeAdjPrv,AgeAdjPrv,AgeAdjPrv,AgeAdjPrv,AgeAdjPrv,AgeAdjPrv
48479,Webb,30.603299999999997,3268:1,58.703759999999996,1703:1,32.11592,3114:1,27.069553744,3493.0,31.6,75.766381342,57899,5.8596704029,269148,3,21.0,5305312.0,6.2,8.6,18.8,16.8,32.0,16.8,33.0,40.0,42.8,71.5,AgeAdjPrv,AgeAdjPrv,AgeAdjPrv,AgeAdjPrv,AgeAdjPrv,AgeAdjPrv,AgeAdjPrv,AgeAdjPrv,AgeAdjPrv,AgeAdjPrv
48481,Wharton,38.34999,2608:1,59.89602,1670:1,54.992349999999995,1818:1,20.636659757,5141.0,21.3,73.714722329,60496,47.529468367,41739,1,13.0,5000.0,5.9,10.0,22.2,12.9,24.4,18.4,34.1,31.1,40.5,72.8,AgeAdjPrv,AgeAdjPrv,AgeAdjPrv,AgeAdjPrv,AgeAdjPrv,AgeAdjPrv,AgeAdjPrv,AgeAdjPrv,AgeAdjPrv,AgeAdjPrv
48483,Wheeler,20.29633,4927:1,83.26395,1201:1,20.803,4807:1,25.673153826,2990.0,20.9,71.332638121,54682,100.0,4804,2,15.0,1673.0,6.1,10.4,24.7,11.8,23.2,19.6,33.5,29.2,37.3,72.2,AgeAdjPrv,AgeAdjPrv,AgeAdjPrv,AgeAdjPrv,AgeAdjPrv,AgeAdjPrv,AgeAdjPrv,AgeAdjPrv,AgeAdjPrv,AgeAdjPrv
48485,Wichita,83.03285,1204:1,221.23214,452:1,80.7829,1238:1,16.772329669,3674.0,23.6,72.958665325,61622,12.74835717,130180,4,19.0,20700.0,5.8,10.3,24.1,11.6,21.9,18.8,34.1,27.0,36.2,73.4,AgeAdjPrv,AgeAdjPrv,AgeAdjPrv,AgeAdjPrv,AgeAdjPrv,AgeAdjPrv,AgeAdjPrv,AgeAdjPrv,AgeAdjPrv,AgeAdjPrv
48487,Wilbarger,31.41937,3183:1,191.66267000000002,522:1,40.02882,2498:1,20.919447525,3740.0,25.0,71.360716831,53416,26.096065803,12522,1,17.0,4491.0,6.9,10.5,24.4,14.2,28.0,20.4,36.2,34.7,39.9,72.5,AgeAdjPrv,AgeAdjPrv,AgeAdjPrv,AgeAdjPrv,AgeAdjPrv,AgeAdjPrv,AgeAdjPrv,AgeAdjPrv,AgeAdjPrv,AgeAdjPrv
48489,Willacy,39.37783,2540:1,44.916900000000005,2226:1,4.9645,20143:1,21.597408862,3725.0,34.9,72.852568835,42279,35.598095616,20037,1,18.0,7298.0,7.5,8.9,19.4,19.0,37.5,18.3,36.9,44.5,44.4,70.2,AgeAdjPrv,AgeAdjPrv,AgeAdjPrv,AgeAdjPrv,AgeAdjPrv,AgeAdjPrv,AgeAdjPrv,AgeAdjPrv,AgeAdjPrv,AgeAdjPrv
48491,Williamson,68.27096,1465:1,178.43030000000002,560:1,61.064789999999995,1638:1,10.429484601,2173.0,7.2,80.713658805,111183,9.1526180714,697191,1,19.0,0.0,4.5,9.0,20.4,9.5,15.8,15.6,28.6,22.4,32.1,75.0,AgeAdjPrv,AgeAdjPrv,AgeAdjPrv,AgeAdjPrv,AgeAdjPrv,AgeAdjPrv,AgeAdjPrv,AgeAdjPrv,AgeAdjPrv,AgeAdjPrv
48493,Wilson,46.82287,2136:1,49.831129999999995,2007:1,24.65156,4057:1,14.973506304,2806.0,13.8,76.819948632,85288,87.31131791,54183,1,9.0,7178.0,5.2,9.4,21.7,11.0,20.2,17.0,30.0,25.6,34.9,72.9,AgeAdjPrv,AgeAdjPrv,AgeAdjPrv,AgeAdjPrv,AgeAdjPrv,AgeAdjPrv,AgeAdjPrv,AgeAdjPrv,AgeAdjPrv,AgeAdjPrv
48495,Winkler,26.97235,3708:1,,,27.374760000000002,3653:1,19.710237223,4019.0,17.6,71.195675865,67901,18.09780516,7414,2,17.0,458.0,5.8,9.1,20.7,13.3,25.9,17.6,32.6,33.0,37.5,70.8,AgeAdjPrv,AgeAdjPrv,AgeAdjPrv,AgeAdjPrv,AgeAdjPrv,AgeAdjPrv,AgeAdjPrv,AgeAdjPrv,AgeAdjPrv,AgeAdjPrv
48497,Wise,37.64955,2656:1,72.98616,1370:1,21.36324,4681:1,17.921415478,3712.0,12.1,75.134574163,89873,90.507343513,78097,1,16.0,0.0,5.5,10.0,24.0,10.3,20.1,18.7,31.2,25.9,33.8,72.1,AgeAdjPrv,AgeAdjPrv,AgeAdjPrv,AgeAdjPrv,AgeAdjPrv,AgeAdjPrv,AgeAdjPrv,AgeAdjPrv,AgeAdjPrv,AgeAdjPrv
48499,Wood,32.69755,3058:1,58.4295,1711:1,36.2806,2756:1,19.822748321,2543.0,22.0,73.622870446,58813,87.29121602,47921,1,14.0,9645.0,5.8,10.4,25.2,10.6,20.8,19.3,32.5,26.2,34.8,72.5,AgeAdjPrv,AgeAdjPrv,AgeAdjPrv,AgeAdjPrv,AgeAdjPrv,AgeAdjPrv,AgeAdjPrv,AgeAdjPrv,AgeAdjPrv,AgeAdjPrv
48501,Yoakum,26.291569999999997,3804:1,40.1714,2489:1,13.421019999999999,7451:1,26.645141451,1771.0,17.0,72.124274975,64634,100.0,7468,0,,0.0,5.7,9.2,21.0,13.0,25.2,17.4,32.0,32.2,38.2,71.2,AgeAdjPrv,AgeAdjPrv,AgeAdjPrv,AgeAdjPrv,AgeAdjPrv,AgeAdjPrv,AgeAdjPrv,AgeAdjPrv,AgeAdjPrv,AgeAdjPrv
48503,Young,83.43995000000001,1198:1,82.76319,1208:1,66.80771,1497:1,21.134020619,1791.0,20.1,71.204614098,64187,51.950523311,18124,1,16.0,4116.0,5.7,10.1,24.6,10.8,20.7,18.8,32.5,27.0,37.3,72.2,AgeAdjPrv,AgeAdjPrv,AgeAdjPrv,AgeAdjPrv,AgeAdjPrv,AgeAdjPrv,AgeAdjPrv,AgeAdjPrv,AgeAdjPrv,AgeAdjPrv
48505,Zapata,,,,,14.441479999999999,6925:1,23.676809,5053.0,43.9,74.693965835,41688,21.218230254,13736,2,19.0,12252.0,7.9,9.3,20.6,20.1,40.0,19.0,37.4,47.1,44.5,70.8,AgeAdjPrv,AgeAdjPrv,AgeAdjPrv,AgeAdjPrv,AgeAdjPrv,AgeAdjPrv,AgeAdjPrv,AgeAdjPrv,AgeAdjPrv,AgeAdjPrv
48507,Zavala,,,64.43299,1552:1,42.65757,2344:1,17.13848508,3673.0,42.5,69.878738966,36878,30.620475698,9312,4,19.0,9021.0,8.3,9.4,21.1,21.4,41.6,19.5,39.4,48.2,48.2,71.3,AgeAdjPrv,AgeAdjPrv,AgeAdjPrv,AgeAdjPrv,AgeAdjPrv,AgeAdjPrv,AgeAdjPrv,AgeAdjPrv,AgeAdjPrv,AgeAdjPrv
